Id,UPC/SKU,Name,Description,Type,Price,Cost,MSRP,OnHand,Location,MinQty,Taxable1,Taxable2,GroupAtSale,Active,Categories,Favorites,Notes,NotesType
"1","","Haribo strawberry 14x160g","","S",10,7,1.29,0,"",0,N,N,N,Y,"Chocolate",,"",S
"3","","Haribo goldbears 14x160g","","S",10,7.5,1.29,0,"",0,N,N,N,Y,"Chocolate",,"",S
"2","","Haribo starmix 14x160g","","S",10,7.5,1.29,0,"",0,N,N,N,Y,"Chocolate",,"",S
"4","","Haribo tangfasties 14x160g","","S",10,7.5,1.49,0,"",0,N,N,N,Y,"Chocolate",,"",S
"5","","Haribo super mix 14x160g","","S",10,7.5,1.7,0,"",0,N,N,N,Y,"Chocolate",,"",S
"6","","Almond rounds","","S",1,0.95,1.19,0,"",0,N,N,N,Y,"Cake",,"",S
"7","","Party Wafers cacao","","S",1.2,0,1.69,0,"",0,N,N,N,Y,"Cake",,"",S
"8","","Party wafers hazelnut","","S",1.2,0,1.69,0,"",0,N,N,N,Y,"Cake",,"",S
"9","","Party wafers plaisir ","","S",1.3,0,1.69,0,"",0,N,N,N,Y,"Cake",,"",S
"10","","Elledi waffles d-pack cacao","","S",1,0,1.39,0,"",0,N,N,N,Y,"Cake",,"",S
"11","","Elledi waffles d-pack hazelnut","","S",1,0,1.39,0,"",0,N,N,N,Y,"Cake",,"",S
"12","","Elledi waffles d-pack vanilla","","S",1,0,1.39,0,"",0,N,N,N,Y,"Cake",,"",S
"13","","Elledi waffles d-pack lemon","","S",1,0,1.39,0,"",0,N,N,N,Y,"Cake",,"",S
"14","","Cookie selection","","S",1.25,0,1.79,0,"",0,N,N,N,Y,"Cake",,"",S
"15","","Wafers selection","","S",1.25,0,1.79,0,"",0,N,N,N,Y,"Cake",,"",S
"16","","Balconi chocolate desert","","S",1.5,1.05,1.99,0,"",0,N,N,N,Y,"Cake",,"",S
"20","","Balconi trancetto cacao","","S",1,0.6,1.39,0,"",0,N,N,N,Y,"Cake",,"",S
"18","","Balconi s.roll capucino","","S",1,0.56,1.39,0,"",0,N,N,N,Y,"Cake",,"",S
"19","","Balconi s.roll cacao","","S",1,0.56,1.39,0,"",0,N,N,N,Y,"Cake",,"",S
"17","","Balconi tiramisu","","S",1.5,1.05,1.99,0,"",0,N,N,N,Y,"Cake",,"",S
"21","","Balconi trancetto strawberry","","S",1,0.6,1.39,0,"",0,N,N,N,Y,"Cake",,"",S
"22","","Balconi choco & latte","","S",1.1,0.66,1.49,0,"",0,N,N,N,Y,"Cake",,"",S
"23","","Balconi snack & latte","","S",1.1,0.66,1.49,0,"",0,N,N,N,Y,"Cake",,"",S
"24","","Balconi mix max cacao","","S",1.4,0.9,1.89,0,"",0,N,N,N,Y,"Cake",,"",S
"25","","Balconi mix milk","","S",1.4,0.9,1.89,0,"",0,N,N,N,Y,"Cake",,"",S
"26","","Tasty cherry & walnut","","S",1.1,0,1.49,0,"",0,N,N,N,Y,"Cake",,"",S
"27","","Fanta shokata (blue) 12x1lt","","S",12,8,1.59,0,"",0,N,N,N,Y,"Cake",,"",S
"28","","Tasty farmhouse","","S",1.1,0,1.49,0,"",0,N,N,N,Y,"Cake",,"",S
"29","","Shell madeleines","","S",1,0.64,1.39,0,"",0,N,N,N,Y,"Cake",,"",S
"30","","Karmens delight","","S",1.5,1.21,1.99,0,"",0,N,N,N,Y,"Cake",,"",S
"31","","Sultana fingers","","S",1,0.75,1.39,0,"",0,N,N,N,Y,"Cake",,"",S
"32","","Marble fingers","","S",1,0.75,1.39,0,"",0,N,N,N,Y,"Cake",,"",S
"33","","Soft waffles","","S",1,0.72,1.39,0,"",0,N,N,N,Y,"Cake",,"",S
"34","","Butter custard cakes","","S",1,0.95,1.39,0,"",0,N,N,N,Y,"Cake",,"",S
"35","","Coconut slice","","S",1,0.75,1.39,0,"",0,N,N,N,Y,"Cake",,"",S
"36","","Starburst verybery 12x150g","","S",9,7.2,0,0,"",0,N,N,N,Y,"Chocolate",,"",S
"37","","Peanuts cookies","","S",0.9,0,1.29,0,"",0,N,N,N,Y,"Cake",,"",S
"38","","Cocoanut rings plane","","S",0.8,0,1.09,0,"",0,N,N,N,Y,"Cake",,"",S
"39","","Chocorings","","S",0.8,0,1.09,0,"",0,N,N,N,Y,"Cake",,"",S
"40","","Fruit & vegetables bag","","S",2,1.1,0,0,"",0,N,N,N,Y,"bags+foil+gloves+plates",,"",S
"42","","Strawberry puff","","S",0.75,0,0.99,0,"",0,N,N,N,Y,"Cake",,"",S
"43","","Syrup waffles","","S",1.3,0.78,1.89,0,"",0,N,N,N,Y,"Cake",,"",S
"44","","Swiss roll strawberry 8 x300g","","S",8,6,1.39,0,"",0,N,N,N,Y,"Cake",,"",S
"45","","Swiss roll chocolate 8x300g","","S",8,6,1.39,0,"",0,N,N,N,Y,"Cake",,"",S
"46","","Brioche rolls veg fat","","S",1.5,0,1.99,0,"",0,N,N,N,Y,"Cake",,"",S
"47","","Brioche rolls chocolate","","S",1.5,1,1.99,0,"",0,N,N,N,Y,"Cake",,"",S
"48","","Puff pastry twist","","S",1.2,0.79,1.79,0,"",0,N,N,N,Y,"Cake",,"",S
"49","","Puff pastry palmaritas","","S",1.2,0.79,1.79,0,"",0,N,N,N,Y,"Cake",,"",S
"50","","5 pack chocolate croissant","","S",1.1,0.86,1.59,0,"",0,N,N,N,Y,"Cake",,"",S
"51","","5 pack custard croissant","","S",1.1,0.86,1.59,0,"",0,N,N,N,Y,"Cake",,"",S
"52","","Nutella b-ready (t6) 16x132g","","S",32,22,1.49,0,"",0,N,N,N,Y,"Biscuits",,"",S
"53","","Nutella b-ready (t2) 24x44g","","S",17,14,1.49,0,"",0,N,N,N,Y,"Biscuits",,"",S
"54","","Fanta raspberry 12x500ml","","S",9.5,7.25,1.49,0,"",0,N,N,N,Y,"Alovera",,"",S
"55",""," ( Not ) All Milka chocolate is 60p each.","","S",0.6,0.53,0,0,"",0,N,N,N,Y,"Chocolate",,"",S
"56","","Bakewell tart","","S",1.1,0.8,1.49,0,"",0,N,N,N,Y,"Cake",,"",S
"58","","Farm house tart","","S",1.1,0.8,1.49,0,"",0,N,N,N,Y,"Cake",,"",S
"59","","Chocolate fudge tart","","S",1.1,0.8,1.49,0,"",0,N,N,N,Y,"Cake",,"",S
"60","","Dhl  marble 250g","","S",1,0.7,1.39,0,"",0,N,N,N,Y,"Cake",,"",S
"61","","Dhl lemon","","S",1,0.9,1.39,0,"",0,N,N,N,Y,"Cake",,"",S
"62","","Dhl square","","S",1,0,1.39,0,"",0,N,N,N,Y,"Cake",,"",S
"63","","Dhl traditional","","S",1,0.9,1.39,0,"",0,N,N,N,Y,"Cake",,"",S
"64","","Dhl fairy cake","","S",1,0.66,1.39,0,"",0,N,N,N,Y,"Cake",,"",S
"65","","White pitta bread","","S",0.55,0.38,0.79,0,"",0,N,N,N,Y,"Cake",,"",S
"66","","Brown pitta bread","","S",0.55,0.38,0.79,0,"",0,N,N,N,Y,"Cake",,"",S
"67","","Tortilla","","S",1,0,1.39,0,"",0,N,N,N,Y,"Cake",,"",S
"68","","French buguettes","","S",0.75,0.56,0.99,0,"",0,N,N,N,Y,"Cake",,"",S
"69","","Plain buns","","S",1,0.66,1.39,0,"",0,N,N,N,Y,"Cake",,"",S
"70","","Sesame buns","","S",1,0.66,1.39,0,"",0,N,N,N,Y,"Cake",,"",S
"71","","Hotdog rolls","","S",1,0.66,1.39,0,"",0,N,N,N,Y,"Cake",,"",S
"72","","Mega buns","","S",1,0.72,1.39,0,"",0,N,N,N,Y,"Cake",,"",S
"73","","Garlic bread","","S",0.75,0.6,0.99,0,"",0,N,N,N,Y,"Cake",,"",S
"74","","3 pack muffin x12","","S",13,9,0.69,0,"",0,N,N,N,Y,"Cake",,"",S
"75","","Baklava","","S",1.25,1,1.79,0,"",0,N,N,N,Y,"Cake",,"",S
"76","","Mcv all butter shortbread 12X200g","","S",11,8.75,1.19,0,"",0,N,N,N,Y,"Biscuits",,"",S
"77","","Mcv classic rich tea 12X300g £1.29pm","","S",10,8.3,0,0,"",0,N,N,N,Y,"Biscuits",,"",S
"78","","Mcv fruit shortcake 12X200g £1.29pm","","S",10,8.3,0,0,"",0,N,N,N,Y,"Biscuits",,"",S
"79","","Mcv the original digestive 12X400g £1.29pm","","S",10,8.3,0,0,"",0,N,N,N,Y,"Biscuits",,"",S
"80","","Mcv hobnobs nobly 12X300g £1.29pm","","S",10,8.3,1,0,"",0,N,N,N,Y,"Biscuits",,"",S
"81","","Mcv hobnobs milk chocolate 12X300g £1.50pm","","S",11,8.7,0,0,"",0,N,N,N,Y,"Biscuits",,"",S
"82","","Mcv caramel 12X300g £1.50pm","","S",11,8.7,0,0,"",0,N,N,N,Y,"Biscuits",,"",S
"83","","Mcv orange 12X300g £1.50pm","","S",11,8.7,1.5,0,"",0,N,N,N,Y,"Biscuits",,"",S
"84","","Mcv ginger nuts 12X250g £1.29pm","","S",10,8.3,0,0,"",0,N,N,N,Y,"Biscuits",,"",S
"85","","Mcv cookies choch chip12X150g £1pm","","S",8,6.5,0,0,"",0,N,N,N,Y,"Biscuits",,"",S
"86","","Mcv cookies white 12X150g £1pm","","S",8,6.5,0,0,"",0,N,N,N,Y,"Biscuits",,"",S
"87","","Mcv milk chocolate 12X300g £1.50pm","","S",11,8.7,1.5,0,"",0,N,N,N,Y,"Biscuits",,"",S
"88","","Mcv dark chocolate 12X300g £1.50pm","","S",11,8.7,1.5,0,"",0,N,N,N,Y,"Biscuits",,"",S
"89","","Mcv double chocolate 12X300g £1.50pm","","S",11,8.7,1.5,0,"",0,N,N,N,Y,"Biscuits",,"",S
"90","","Mcv Jaffa cake 12X150g £1pm","","S",8,6.5,0,0,"",0,N,N,N,Y,"Biscuits",,"",S
"91","","Maryland gooeys chocolate 8X160g £1.39pm","","S",8,6,0,0,"",0,N,N,N,Y,"Biscuits",,"",S
"92","","Maryland gooeys peanut 8X160g £1.39pm","","S",8,6,0,0,"",0,N,N,N,Y,"Biscuits",,"",S
"95","","Maryland double choc chip  20X145g  89p","","S",10,6.5,0.89,0,"",0,N,N,N,Y,"Biscuits",,"",S
"93","","Maryland choc chip 20X145g  89p","","S",10,6.49,0.89,0,"",0,N,N,N,Y,"Biscuits",,"",S
"94","","Maryland hazelnut 20X145g  89p","","S",10,0,0.89,0,"",0,N,N,N,Y,"Biscuits",,"",S
"96","","Tuc original 12X150g £1.39pm","","S",11,8.4,1.39,0,"",0,N,N,N,Y,"Biscuits",,"",S
"97","","Tuc cheese sandwich 12X150g £1.39pm","","S",11,8.4,1.39,0,"",0,N,N,N,Y,"Biscuits",,"",S
"98","","Jacobs cream crackers 12X200g £1pm","","S",8,6.3,1,0,"",0,N,N,N,Y,"Biscuits",,"",S
"99","","Jacob's Cheddars 12X150g £1.39pm","","S",10,7.2,1.39,0,"",0,N,N,N,Y,"Biscuits",,"",S
"100","","Fox's milk chocolate 9X180g","","S",10,7.1,1.49,0,"",0,N,N,N,Y,"Biscuits",,"",S
"101","","Fox's extremely chocolate 9X180g","","S",11,8,1.49,0,"",0,N,N,N,Y,"Biscuits",,"",S
"102","","Fox's triple chocolate 9X180g","","S",10,7.1,1.49,0,"",0,N,N,N,Y,"Biscuits",,"",S
"103","","Fox's dark chocolate 9X180g","","S",10,7.1,1.49,0,"",0,N,N,N,Y,"Biscuits",,"",S
"104","","Fox's white chocolate 9X180g","","S",10,7.1,1.49,0,"",0,N,N,N,Y,"Biscuits",,"",S
"105","","Fox's chocolate orange 9x180g","","S",9,7.2,1.39,0,"",0,N,N,N,Y,"Biscuits",,"",S
"106","","Elkes malted milk 15X150g","","S",8,6.25,0.69,0,"",0,N,N,N,Y,"Biscuits",,"",S
"107","","Elkes milk chocolate 15X250g","","S",13.5,11,1.19,0,"",0,N,N,N,Y,"Biscuits",,"",S
"108","","Athena cotton 100's x12","","S",5,3.5,0.69,0,"",0,N,N,N,Y,"Diş Macun+fırça",,"",S
"109","","Mcv shorties 12X300g 89pm","","S",7.5,6.2,0.89,0,"",0,N,N,N,Y,"Biscuits",,"",S
"110","","Milka chips ahoy 20x100g","","S",12,10,1,0,"",0,N,N,N,Y,"Chocolate",,"",S
"111","","Maryland creations b&c 8x£1.39pm","","S",8,6.5,1.39,0,"",0,N,N,N,Y,"Biscuits",,"",S
"112","","Mcv coconut rings 89p 12x300g ","","S",7.5,6.5,0.89,0,"",0,N,N,N,Y,"Biscuits",,"",S
"115","","Bolands fig rolls X24","","S",12,0,0.79,0,"",0,N,N,N,Y,"Biscuits",,"",S
"116","","Cadbury cookies double chocolate £1pm 6X150g","","S",4,0,1,0,"",0,N,N,N,Y,"Biscuits",,"",S
"117","","Cadbury cookies choc chip 1pm 6X150g","","S",4,0,1,0,"",0,N,N,N,Y,"Biscuits",,"",S
"118","","Kp choc dips original  24pcs","","S",12,9.5,0.59,0,"",0,N,N,N,Y,"Biscuits",,"",S
"119","","Kp choc dips white 12pcs","","S",5,0,0.59,0,"",0,N,N,N,Y,"Biscuits",,"",S
"120","","Ritz cracker £1.39pm 12X200g","","S",12,8.5,1,0,"",0,N,N,N,Y,"Biscuits",,"",S
"121","","Topic 36X47g","","S",15,0,0,0,"",0,N,N,N,Y,"Chocolate",,"",S
"122","","Maynard wine pastilles 40X52g","","S",14,10,0,0,"",0,N,N,N,Y,"Chocolate",,"",S
"123","","Lockets honey& lemon X20","","S",8,6.5,0,0,"",0,N,N,N,Y,"Chocolate",,"",S
"124","","Lockets cranberry & blueberry X20","","S",8,6.5,0,0,"",0,N,N,N,Y,"Chocolate",,"",S
"125","","Lockets extra strong X20","","S",8,6.5,0,0,"",0,N,N,N,Y,"Chocolate",,"",S
"126","","Mentos strawberry mix 40 rolls","","S",11,8.5,0,0,"",0,N,N,N,Y,"Chocolate",,"",S
"127","","Mentos spearmint X40 rolls","","S",11,8.5,0,0,"",0,N,N,N,Y,"Chocolate",,"",S
"128","","Mentos mint X40 rolls","","S",11,8.5,0,0,"",0,N,N,N,Y,"Chocolate",,"",S
"129","","Mentos rainbow X40","","S",11,8.5,0,0,"",0,N,N,N,Y,"Chocolate",,"",S
"130","","Mentos fruit X40","","S",11,8.5,0,0,"",0,N,N,N,Y,"Chocolate",,"",S
"131","","Mentos fruit £1pm 12x135g","","S",9,6,0,0,"",0,N,N,N,Y,"Chocolate",,"",S
"132","","Cherry drops X40 rolls","","S",15,12.5,0,0,"",0,N,N,N,Y,"Chocolate",,"",S
"133","","Cadbury flake X48","","S",21,17.5,0,0,"",0,N,N,N,Y,"Chocolate",,"",S
"134","","Starburst fave reds X24","","S",9.5,7.5,0,0,"",0,N,N,N,Y,"Chocolate",,"",S
"135","","Starburst strawberry X24","","S",9.5,7.5,0,0,"",0,N,N,N,Y,"Chocolate",,"",S
"136","","Starburst original X24","","S",9.5,7.5,0,0,"",0,N,N,N,Y,"Chocolate",,"",S
"137","","Snickers hazelnut 40X49g","","S",13,0,0,0,"",0,N,N,N,Y,"Chocolate",,"",S
"138","","Cadbury twirl X48","","S",21,19.5,0,0,"",0,N,N,N,Y,"Chocolate",,"",S
"139","","Turkish delight X33","","S",15,10,0,0,"",0,N,N,N,Y,"Chocolate",,"",S
"140","","Kinder chocolate 8's £1pm X10 ","","S",7.5,6,0,0,"",0,N,N,N,Y,"Chocolate",,"",S
"141","","Kinder surprise (uk) 72x20g","","S",42,36,0,0,"",0,N,N,N,Y,"Chocolate",,"",S
"142","","Aero chocolate £1pm X15","","S",11.5,9.6,0,0,"",0,N,N,N,Y,"Chocolate",,"",S
"143","","Aero mint £1pm X15","","S",11.5,9.6,0,0,"",0,N,N,N,Y,"Chocolate",,"",S
"144","","Aero white £1pm X15","","S",11.5,9.6,1,0,"",0,N,N,N,Y,"Chocolate",,"",S
"145","","Milk way magic stars 36x33g","","S",16,14,0,0,"",0,N,N,N,Y,"Chocolate",,"",S
"146","","Kitkat dark 24x45g","","S",9,7,0,0,"",0,N,N,N,Y,"Chocolate",,"",S
"147","","Kitkat peanut butter 36x42g","","S",12.5,10,0,0,"",0,N,N,N,Y,"Chocolate",,"",S
"149","","Cadbury time wafer 35p 40x21.2g ","","S",10,8.5,0,0,"",0,N,N,N,Y,"Chocolate",,"",S
"150","","Yorkie milk bars X48","","S",20,14.4,0,0,"",0,N,N,N,Y,"Chocolate",,"",S
"151","","Snickers standard 40x50g","","S",12,9,0,0,"",0,N,N,N,Y,"Chocolate",,"",S
"152","","Mars standards 24x47g","","S",8,6,0,0,"",0,N,N,N,Y,"Chocolate",,"",S
"153","","Snickers duo 32x(2x41.7e","","S",17.5,15,0,0,"",0,N,N,N,Y,"Chocolate",,"",S
"154","","Mars duo 32x(2x39.4g)78.8ge","","S",17.5,15.5,0,0,"",0,N,N,N,Y,"Chocolate",,"",S
"155","","M&M chocolate 24x45g","","S",9,7.5,0,0,"",0,N,N,N,Y,"Chocolate",,"",S
"156","","M&M peanut 24x45g","","S",10,7.5,0,0,"",0,N,N,N,Y,"Chocolate",,"",S
"157","","M&M crispy 24x36g","","S",11.5,9.5,0,0,"",0,N,N,N,Y,"Chocolate",,"",S
"158","","Milky Way crispy rolls 24x25g","","S",8,6.75,0,0,"",0,N,N,N,Y,"Chocolate",,"",S
"159","","Skittles crazy sours36x55g","","S",12.5,10.5,0,0,"",0,N,N,N,Y,"Chocolate",,"",S
"160","","Skittles wild berr £1pm","","S",9,7.2,0,0,"",0,N,N,N,Y,"Chocolate",,"",S
"161","","Skittles fruits 36x55g","","S",12.5,10.5,0,0,"",0,N,N,N,Y,"Chocolate",,"",S
"162","","Twix xtra 30x75g","","S",13,9.5,0,0,"",0,N,N,N,Y,"Chocolate",,"",S
"163","","Twix small 30x (2x25g","","S",10,7.5,0,0,"",0,N,N,N,Y,"Chocolate",,"",S
"164","","Twix white 32x(2x23g","","S",13,10.5,0,0,"",0,N,N,N,Y,"Chocolate",,"",S
"165","","Kitkat 4 finger white24x45g","","S",9,7,0,0,"",0,N,N,N,Y,"Chocolate",,"",S
"166","","Kitkat chunky white 24x40g","","S",9,7,0,0,"",0,N,N,N,Y,"Chocolate",,"",S
"167","","Milky Way (2) 24x43g","","S",9,7.5,0,0,"",0,N,N,N,Y,"Chocolate",,"",S
"168","","Kitkat extra creamy 36x40g","","S",12.5,0,0,0,"",0,N,N,N,Y,"Chocolate",,"",S
"169","","Kitkat chunky 36x40g","","S",12.5,9.5,0,0,"",0,N,N,N,Y,"Chocolate",,"",S
"170","","Crunch white bars x36","","S",13,10,0,0,"",0,N,N,N,Y,"Chocolate",,"",S
"171","","Toblerone 24X35g","","S",11,8.5,0,0,"",0,N,N,N,Y,"Chocolate",,"",S
"172","","Hershey's chocolate X36","","S",17,14.5,0,0,"",0,N,N,N,Y,"Chocolate",,"",S
"173","","Hershey's white X36","","S",17,13.2,0,0,"",0,N,N,N,Y,"Chocolate",,"",S
"174","","Milky Way small 30X21.5g","","S",7,0,0,0,"",0,N,N,N,Y,"Chocolate",,"",S
"175","","Daim 36X28g","","S",15,11,0,0,"",0,N,N,N,Y,"Chocolate",,"",S
"176","","Smarties X48","","S",18,15,0,0,"",0,N,N,N,Y,"Chocolate",,"",S
"177","","Smarties X36","","S",12,8.5,0,0,"",0,N,N,N,Y,"Chocolate",,"",S
"178","","Maltesers 40x37g","","S",14,8,0,0,"",0,N,N,N,Y,"Chocolate",,"",S
"179","","Lion duo (2pack)28x60g (offers)","","S",11,7,0,0,"",0,N,N,N,Y,"Chocolate",,"",S
"180","","Lion white 40x42g","","S",10,7,0,0,"",0,N,N,N,Y,"Chocolate",,"",S
"181","","Lion peanut 40x42g","","S",10,7,0,0,"",0,N,N,N,Y,"Chocolate",,"",S
"182","","Lion chocolate 40x42g","","S",10,6.5,0,0,"",0,N,N,N,Y,"Chocolate",,"",S
"183","","Kitkat 4 finger x48","","S",18,15,0,0,"",0,N,N,N,Y,"Chocolate",,"",S
"184","","Trebor softmints peppermint x72","","S",18,0,0,0,"",0,N,N,N,Y,"Chocolate",,"",S
"185","","Trebor spearmint x72","","S",18,0,0,0,"",0,N,N,N,Y,"Chocolate",,"",S
"186","","Fruit pastilles x48","","S",18,15,0,0,"",0,N,N,N,Y,"Chocolate",,"",S
"187","","Trebor extra strong (green)x40","","S",14,12,0,0,"",0,N,N,N,Y,"Chocolate",,"",S
"188","","Milka bar oreo 36x41g","","S",13,8.7,0,0,"",0,N,N,N,Y,"Chocolate",,"",S
"189","","Double decker x32","","S",12,0,0,0,"",0,N,N,N,Y,"Chocolate",,"",S
"190","","Cadbury picnic x36","","S",17,13,0,0,"",0,N,N,N,Y,"Chocolate",,"",S
"191","","Kinder Bueno chocolate x30","","S",12,10,0,0,"",0,N,N,N,Y,"Chocolate",,"",S
"192","","Kinder Bueno white x30","","S",15,12.5,0,0,"",0,N,N,N,Y,"Chocolate",,"",S
"193","","Lindor bar 24x38g","","S",13,10.8,0,0,"",0,N,N,N,Y,"Chocolate",,"",S
"194","","Toffee crisp x60","","S",20,17,0,0,"",0,N,N,N,Y,"Chocolate",,"",S
"195","","Kitkat chunky hazelnut 24x42g","","S",9,6.5,0,0,"",0,N,N,N,Y,"Chocolate",,"",S
"196","","Oreo original 55pm x20 ","","S",8.5,6,0,0,"",0,N,N,N,Y,"Biscuits",,"",S
"197","","Oreo original 108pm 16x154g","","S",11,8,0,0,"",0,N,N,N,Y,"Biscuits",,"",S
"198","","Delifrance baguettes x2","","S",0.75,0,0.99,0,"",0,N,N,N,Y,"Cake",,"",S
"199","","Assorted fruit tarts ","","S",1.2,1,1.39,0,"",0,N,N,N,Y,"Cake",,"",S
"200","","Apple milrayas","","S",0.85,0.52,0.99,0,"",0,N,N,N,Y,"Cake",,"",S
"201","","Strawberry milrayas","","S",0.85,0.52,0.99,0,"",0,N,N,N,Y,"Cake",,"",S
"202","","Chocolate milrayas","","S",0.75,0,0.99,0,"",0,N,N,N,Y,"Cake",,"",S
"203","","Rennie spearmint 20x12's","","S",25,22.1,0,0,"",0,N,N,N,Y,"Medical+spray+shampoo",,"",S
"204","","Rennie peppermint 20x12's","","S",25,22.1,0,0,"",0,N,N,N,Y,"Medical+spray+shampoo",,"",S
"205","","Lemsip cold & flu lemon 5's x12","","S",18,16.5,0,0,"",0,N,N,N,Y,"Medical+spray+shampoo",,"",S
"206","","Lemsip 5's x12","","S",18.5,16.5,0,0,"",0,N,N,N,Y,"Medical+spray+shampoo",,"",S
"207","","Lemsip max lemon 5's x6","","S",14,0,0,0,"",0,N,N,N,Y,"Medical+spray+shampoo",,"",S
"208","","Lemsip max all in one lemon 5's x6","","S",16.5,14.4,0,0,"",0,N,N,N,Y,"Medical+spray+shampoo",,"",S
"209","","Lemsip max blackurrant 5's x6","","S",14,12,0,0,"",0,N,N,N,Y,"Medical+spray+shampoo",,"",S
"210","","Lemsip max capsule & flu16's x6","","S",15.02,13.2,0,0,"",0,N,N,N,Y,"Medical+spray+shampoo",,"",S
"211","","Lemsip max daytime 8's x6","","S",8,6.5,0,0,"",0,N,N,N,Y,"Medical+spray+shampoo",,"",S
"212","","Ibuprofen tablet 200mg 16's x12","","S",5,3.3,0,0,"",0,N,N,N,Y,"Medical+spray+shampoo",,"",S
"214","","Beechams all-in-one 6x160ml","","S",18,0,0,0,"",0,N,N,N,Y,"Medical+spray+shampoo",,"",S
"213","","Beechams hot lemon 5's x6","","S",6,0,0,0,"",0,N,N,N,Y,"Medical+spray+shampoo",,"",S
"215","","Beechams blackurrant 5's x6","","S",6,0,0,0,"",0,N,N,N,Y,"Medical+spray+shampoo",,"",S
"216","","Anadin extra x12","","S",13,0,0,0,"",0,N,N,N,Y,"Medical+spray+shampoo",,"",S
"217","","Nurofen tablet 12's x12","","S",16,13.2,0,0,"",0,N,N,N,Y,"Medical+spray+shampoo",,"",S
"218","","Nurofen cablets 16's x6","","S",10,5,0,0,"",0,N,N,N,Y,"Medical+spray+shampoo",,"",S
"219","","Nurofen tablets 8's x24","","S",24,0,0,0,"",0,N,N,N,Y,"Medical+spray+shampoo",,"",S
"220","","Nurofen express liquid capsule 10's x6","","S",13,10.8,0,0,"",0,N,N,N,Y,"Medical+spray+shampoo",,"",S
"221","","Paracetamol tablets 500mg 16's x12","","S",3,2.1,0,0,"",0,N,N,N,Y,"Medical+spray+shampoo",,"",S
"222","","Aspar paracetamol box 16's x12","","S",3,2.1,0,0,"",0,N,N,N,Y,"Medical+spray+shampoo",,"",S
"223","","Bristol paracetamol box 16's x12","","S",3,2.1,0,0,"",0,N,N,N,Y,"Medical+spray+shampoo",,"",S
"224","","Aspirin tablet 16's x12","","S",4,2.25,0,0,"",0,N,N,N,Y,"Medical+spray+shampoo",,"",S
"225","","Calpol 2+months 100ml x6","","S",13,0,0,0,"",0,N,N,N,Y,"Medical+spray+shampoo",,"",S
"226","","Gaviscon  original aniseed 150ml x6","","S",15,13.2,0,0,"",0,N,N,N,Y,"Medical+spray+shampoo",,"",S
"227","","Gaviscon tablet peppermint 8's x12","","S",13,9.6,0,0,"",0,N,N,N,Y,"Medical+spray+shampoo",,"",S
"228","","Calpol 6+years 80ml  x6","","S",13,0,0,0,"",0,N,N,N,Y,"Medical+spray+shampoo",,"",S
"229","","Nurofen for children 100ml X6","","S",16,12.6,0,0,"",0,N,N,N,Y,"Medical+spray+shampoo",,"",S
"230","","Veno's chesty coughs 100ml. X6","","S",13,0,0,0,"",0,N,N,N,Y,"Medical+spray+shampoo",,"",S
"231","","Veno's thickly coughs 100ml. X6","","S",13,0,0,0,"",0,N,N,N,Y,"Medical+spray+shampoo",,"",S
"232","","Neno's dry coughs","","S",13,0,0,0,"",0,N,N,N,Y,"Medical+spray+shampoo",,"",S
"233","","Benylin tickliy X6","","S",15,0,0,0,"",0,N,N,N,Y,"Medical+spray+shampoo",,"",S
"234","","Benylin chesty cough. X6","","S",15,0,0,0,"",0,N,N,N,Y,"Medical+spray+shampoo",,"",S
"235","","Vicks vaporub. X6","","S",13,11.25,0,0,"",0,N,N,N,Y,"Medical+spray+shampoo",,"",S
"236","","Vicks inhaler   X12","","S",20,0,0,0,"",0,N,N,N,Y,"Medical+spray+shampoo",,"",S
"237","","Lysol multipack. X10","","S",9,0,0,0,"",0,N,N,N,Y,"Medical+spray+shampoo",,"",S
"238","","Strepsils honey & lemon 16's. X6 (boş)","","S",10,8.5,0,0,"",0,N,N,N,Y,"Medical+spray+shampoo",,"",S
"239","","Strepsils blackurrant 16,s. X6","","S",14,0,0,0,"",0,N,N,N,Y,"Medical+spray+shampoo",,"",S
"240","","Perma gas x12","","S",9,0,0,0,"",0,N,N,N,Y,"cakmak+gas+rizla+filter",,"",S
"241","","Ronson gas 250ml x12","","S",9,0,0,0,"",0,N,N,N,Y,"cakmak+gas+rizla+filter",,"",S
"242","","Clipper gas300ml x12","","S",9,7.2,0,0,"",0,N,N,N,Y,"cakmak+gas+rizla+filter",,"",S
"243","","Newport gas x12","","S",12,0,0,0,"",0,N,N,N,Y,"cakmak+gas+rizla+filter",,"",S
"244","","Newport petrol 100ml x12","","S",10,7.25,0,0,"",0,N,N,N,Y,"cakmak+gas+rizla+filter",,"",S
"245","","Clipper lighters x40","","S",23,20.4,0,0,"",0,N,N,N,Y,"cakmak+gas+rizla+filter",,"",S
"246","","Magnum Disposable lighter (cheap)","","S",4,2.88,0,0,"",0,N,N,N,Y,"cakmak+gas+rizla+filter",,"",S
"247","","Matches household 250's. X12","","S",5,3.6,0,0,"",0,N,N,N,Y,"cakmak+gas+rizla+filter",,"",S
"248","","Matches extra long 45's. X12","","S",5,0,0,0,"",0,N,N,N,Y,"cakmak+gas+rizla+filter",,"",S
"249","","Matches x100","","S",4,1.65,0,0,"",0,N,N,N,Y,"cakmak+gas+rizla+filter",,"",S
"250","","Rizla blue slim x50","","S",13,12,0,0,"",0,N,N,N,Y,"cakmak+gas+rizla+filter",,"",S
"251","","Rizla silver slim x50","","S",14,13,0,0,"",0,N,N,N,Y,"cakmak+gas+rizla+filter",,"",S
"252","","Rizla blue king size x50","","S",13,0,0,0,"",0,N,N,N,Y,"cakmak+gas+rizla+filter",,"",S
"253","","Rizla red king size slim x50","","S",16,0,0,0,"",0,N,N,N,Y,"cakmak+gas+rizla+filter",,"",S
"254","","Rizla red king size x50","","S",15,12.5,0,0,"",0,N,N,N,Y,"cakmak+gas+rizla+filter",,"",S
"255","","Rizla green king size slim x50","","S",16.5,15.3,0,0,"",0,N,N,N,Y,"cakmak+gas+rizla+filter",,"",S
"256","","Rizla green standard x100","","S",12.5,11.5,0,0,"",0,N,N,N,Y,"cakmak+gas+rizla+filter",,"",S
"257","","Rizla blue standard x100","","S",13.5,12.3,0,0,"",0,N,N,N,Y,"cakmak+gas+rizla+filter",,"",S
"258","","Rizla red standard. X100","","S",13,11,0,0,"",0,N,N,N,Y,"cakmak+gas+rizla+filter",,"",S
"259","","Rizla silver standard. X100","","S",17,15.9,0,0,"",0,N,N,N,Y,"cakmak+gas+rizla+filter",,"",S
"260","","Rizla liquorish. X100","","S",21,19.2,0,0,"",0,N,N,N,Y,"cakmak+gas+rizla+filter",,"",S
"261","","Rizla rolling machine standard x10","","S",16,0,0,0,"",0,N,N,N,Y,"cakmak+gas+rizla+filter",,"",S
"262","","Rizla rolling machine king size x10","","S",22,0,0,0,"",0,N,N,N,Y,"cakmak+gas+rizla+filter",,"",S
"263","","Raw slim classic x50","","S",16,13.5,0,0,"",0,N,N,N,Y,"cakmak+gas+rizla+filter",,"",S
"264","","Raw classic supernatural x20","","S",24,0,0,0,"",0,N,N,N,Y,"cakmak+gas+rizla+filter",,"",S
"265","","Raw classic connoisseur x24","","S",14,11.7,0,0,"",0,N,N,N,Y,"cakmak+gas+rizla+filter",,"",S
"266","","Raw organic x50","","S",16,14,0,0,"",0,N,N,N,Y,"cakmak+gas+rizla+filter",,"",S
"267","","Raw organic connoisseur x24","","S",16,13.2,0,0,"",0,N,N,N,Y,"cakmak+gas+rizla+filter",,"",S
"268","","Raw regular organic connoisseur x24","","S",15,12,0,0,"",0,N,N,N,Y,"cakmak+gas+rizla+filter",,"",S
"269","","Raw standard papers x24","","S",10,0,0,0,"",0,N,N,N,Y,"cakmak+gas+rizla+filter",,"",S
"270","","OCB king size slim organic x50","","S",22,19,0,0,"",0,N,N,N,Y,"cakmak+gas+rizla+filter",,"",S
"271","","OCB premium King size slim black x50","","S",22,19,0,0,"",0,N,N,N,Y,"cakmak+gas+rizla+filter",,"",S
"272","","Vaseline lip therapy tin 20g. X12","","S",10.5,8.5,0,0,"",0,N,N,N,Y,"Medical+spray+shampoo",,"",S
"273","","Vaseline lip therapy  20g. X12","","S",10.5,8.5,0,0,"",0,N,N,N,Y,"Medical+spray+shampoo",,"",S
"274","","Vaseline 20g. X12","","S",11,0,0,0,"",0,N,N,N,Y,"Medical+spray+shampoo",,"",S
"275","","Vaseline 100g. X12","","S",13,0,0,0,"",0,N,N,N,Y,"Medical+spray+shampoo",,"",S
"276","","Nivea cream. X10","","S",9,0,0,0,"",0,N,N,N,Y,"Medical+spray+shampoo",,"",S
"277","","Nivea 50g. X4","","S",5,0,0,0,"",0,N,N,N,Y,"Medical+spray+shampoo",,"",S
"278","","Nivea lotion dry skin 250ml x6","","S",12,0,0,0,"",0,N,N,N,Y,"Medical+spray+shampoo",,"",S
"279","","Nivea lotion normal skin 250ml x6","","S",12,0,0,0,"",0,N,N,N,Y,"Medical+spray+shampoo",,"",S
"280","","Dove soap x4's","","S",2,0.75,0,0,"",0,N,N,N,Y,"Medical+spray+shampoo",,"",S
"281","","Sure roll on original for men 50ml x6","","S",7,0,0,0,"",0,N,N,N,Y,"Medical+spray+shampoo",,"",S
"282","","Sure roll on clear Aqua 50ml x6","","S",7,0,0,0,"",0,N,N,N,Y,"Medical+spray+shampoo",,"",S
"283","","Sure roll on cool blue 50ml x6","","S",7,0,0,0,"",0,N,N,N,Y,"Medical+spray+shampoo",,"",S
"284","","Axe deodorant Africa 150ml x6","","S",10,8.5,0,0,"",0,N,N,N,Y,"Medical+spray+shampoo",,"",S
"285","","Axe deodorant dark temptation 150ml x6","","S",10,8.5,0,0,"",0,N,N,N,Y,"Medical+spray+shampoo",,"",S
"286","","Axe deodorant excite 150ml x6","","S",10,8.5,0,0,"",0,N,N,N,Y,"Medical+spray+shampoo",,"",S
"287","","Axe deodorant click 150ml x6","","S",10,8.5,0,0,"",0,N,N,N,Y,"Medical+spray+shampoo",,"",S
"288","","Lynx deodorant Africa 6x150ml £3.29pm","","S",12,9.5,0,0,"",0,N,N,N,Y,"Medical+spray+shampoo",,"",S
"289","","Lynx deodorant black temptation 6x150ml £3.29pm","","S",12,0,0,0,"",0,N,N,N,Y,"Medical+spray+shampoo",,"",S
"290","","Tusk deodorant safari 150ml x12","","S",7,0,0,0,"",0,N,N,N,Y,"Medical+spray+shampoo",,"",S
"291","","Tusk deodorant firefly 150ml x12","","S",7,0,0,0,"",0,N,N,N,Y,"Medical+spray+shampoo",,"",S
"292","","Tusk deodorant ravage 150ml x12","","S",7,0,0,0,"",0,N,N,N,Y,"Medical+spray+shampoo",,"",S
"293","","Impulse hint of musk 75ml x6","","S",8,0,0,0,"",0,N,N,N,Y,"Medical+spray+shampoo",,"",S
"294","","Impulse temptation 75ml x6","","S",8,0,0,0,"",0,N,N,N,Y,"Medical+spray+shampoo",,"",S
"295","","Impulse tease 75ml x6","","S",8,0,0,0,"",0,N,N,N,Y,"Medical+spray+shampoo",,"",S
"296","","Tiama female body spray catwalk 75ml x12","","S",7,0,0,0,"",0,N,N,N,Y,"Medical+spray+shampoo",,"",S
"297","","Tiama female body spray flair 75ml x12","","S",7,0,0,0,"",0,N,N,N,Y,"Medical+spray+shampoo",,"",S
"298","","Tiama female body spray purity 75ml x12","","S",7,0,0,0,"",0,N,N,N,Y,"Medical+spray+shampoo",,"",S
"299","","Pantene conditioner smooth & sleek 250ml x6","","S",9,7.25,0,0,"",0,N,N,N,Y,"Medical+spray+shampoo",,"",S
"300","","Pantene conditioner classic clean 250ml x6","","S",9,7.25,0,0,"",0,N,N,N,Y,"Medical+spray+shampoo",,"",S
"301","","Pantene 2 in 1 classic care 250ml x6","","S",9,0,0,0,"",0,N,N,N,Y,"Medical+spray+shampoo",,"",S
"302","","Pantene shampoo classic clean 250ml x6","","S",9,0,0,0,"",0,N,N,N,Y,"Medical+spray+shampoo",,"",S
"303","","Pantene 2 in 1 smooth&sleek 250ml x6","","S",9,7.5,0,0,"",0,N,N,N,Y,"Medical+spray+shampoo",,"",S
"304","","Pantene shampoo smooth&sleek 250ml x6","","S",9,7.5,0,0,"",0,N,N,N,Y,"Medical+spray+shampoo",,"",S
"305","","Pantene shampoo smooth&sleek 300ml x6 £2.99pm","","S",9,7.25,0,0,"",0,N,N,N,Y,"Medical+spray+shampoo",,"",S
"306","","Soex hooka red cherry flower x10","","S",11,0,0,0,"",0,N,N,N,Y,"Pil+condom+pet",,"",S
"307","","Soex hooka blueberry flower x10","","S",11.99,0,0,0,"",0,N,N,N,Y,"Pil+condom+pet",,"",S
"308","","Soex hooka double Apple flower x10","","S",11,0,0,0,"",0,N,N,N,Y,"Pil+condom+pet",,"",S
"309","","Soex hooka watermelon flower x10","","S",11,0,0,0,"",0,N,N,N,Y,"Pil+condom+pet",,"",S
"310","","Soex hooka mango flower x10","","S",11,0,0,0,"",0,N,N,N,Y,"Pil+condom+pet",,"",S
"311","","Soex hooka grapes flower x10","","S",11,0,0,0,"",0,N,N,N,Y,"Pil+condom+pet",,"",S
"312","","Soex hooka bana flower x10","","S",11,0,0,0,"",0,N,N,N,Y,"Pil+condom+pet",,"",S
"313","","Soex hooka mint flower x10","","S",11,0,0,0,"",0,N,N,N,Y,"Pil+condom+pet",,"",S
"314","","Soex hooka mixed fruit flower x10","","S",11,0,0,0,"",0,N,N,N,Y,"Pil+condom+pet",,"",S
"315","","Soex hooka strawberry flower x10","","S",11,0,0,0,"",0,N,N,N,Y,"Pil+condom+pet",,"",S
"316","","Soex hooka pineapple flower x10","","S",11,0,0,0,"",0,N,N,N,Y,"Pil+condom+pet",,"",S
"317","","Soex hooka peace flower x10","","S",11,0,0,0,"",0,N,N,N,Y,"Pil+condom+pet",,"",S
"318","","Soex hooka lime lemon flower x10","","S",11,0,0,0,"",0,N,N,N,Y,"Pil+condom+pet",,"",S
"319","","Durex extra safe 3's x12","","S",13,8,0,0,"",0,N,N,N,Y,"Pil+condom+pet",,"",S
"320","","Durex extra safe 3's x6","","S",6.5,0,0,0,"",0,N,N,N,Y,"Pil+condom+pet",,"",S
"321","","Durex fetherlite 3's x12","","S",13,8,0,0,"",0,N,N,N,Y,"Pil+condom+pet",,"",S
"322","","Durex performance 3's x12","","S",13,0,0,0,"",0,N,N,N,Y,"Pil+condom+pet",,"",S
"323","","Durex fetherlite elita 3's x12","","S",13,8,0,0,"",0,N,N,N,Y,"Pil+condom+pet",,"",S
"324","","Durex sensation 3's x12","","S",13,0,0,0,"",0,N,N,N,Y,"Pil+condom+pet",,"",S
"325","","Durex select 3's x12","","S",13,0,0,0,"",0,N,N,N,Y,"Pil+condom+pet",,"",S
"326","","Durex ribbed 3's x12","","S",13,0,0,0,"",0,N,N,N,Y,"Pil+condom+pet",,"",S
"327","","Durex elita 3's x12","","S",13,0,0,0,"",0,N,N,N,Y,"Pil+condom+pet",,"",S
"328","","Durex pleasuremax tingling 3's x12","","S",13,0,0,0,"",0,N,N,N,Y,"Pil+condom+pet",,"",S
"329","","Panasonic AA 4's x12","","S",8,4.2,0,0,"",0,N,N,N,Y,"Pil+condom+pet",,"",S
"330","","Panasonic AAA 4's x12","","S",8,5.25,0,0,"",0,N,N,N,Y,"Pil+condom+pet",,"",S
"331","","Panasonic C 4'S. X12","","S",8,4,0,0,"",0,N,N,N,Y,"Pil+condom+pet",,"",S
"332","","Panasonic D4'S. X12","","S",8,5.5,0,0,"",0,N,N,N,Y,"Pil+condom+pet",,"",S
"333","","Panasonic 9V 4'S. X12","","S",8,5.5,0,0,"",0,N,N,N,Y,"Pil+condom+pet",,"",S
"334","","Duracell AA 4'S. X20","","S",28,25,0,0,"",0,N,N,N,Y,"Pil+condom+pet",,"",S
"335","","Duracell AAA 4'S. X10","","S",15,12.5,0,0,"",0,N,N,N,Y,"Pil+condom+pet",,"",S
"336","","Duracell C plus 2'S. X10","","S",17,15,0,0,"",0,N,N,N,Y,"Pil+condom+pet",,"",S
"337","","Duracell D plus 2'S. X10","","S",17.5,15,0,0,"",0,N,N,N,Y,"Pil+condom+pet",,"",S
"338","","Duracell 9V plus. X10","","S",17.5,15,0,0,"",0,N,N,N,Y,"Pil+condom+pet",,"",S
"339","","Swan extra slim filter tips. X20","","S",7.5,6.9,0,0,"",0,N,N,N,Y,"cakmak+gas+rizla+filter",,"",S
"340","","Swan slimline filter tips loose  X10","","S",4,3.25,0,0,"",0,N,N,N,Y,"cakmak+gas+rizla+filter",,"",S
"341","","Swan menthol filter tips x20","","S",9.5,8.7,0,0,"",0,N,N,N,Y,"cakmak+gas+rizla+filter",,"",S
"342","","Swan slim filter tips x20","","S",7.5,6.25,0,0,"",0,N,N,N,Y,"cakmak+gas+rizla+filter",,"",S
"343","","Swan smooth extra slim x20","","S",10,0,0,0,"",0,N,N,N,Y,"cakmak+gas+rizla+filter",,"",S
"344","","Bic pen black x50","","S",8,0,0,0,"",0,N,N,N,Y,"cakmak+gas+rizla+filter>>Pen",,"",S
"345","","Bic pen blue x50","","S",8,0,0,0,"",0,N,N,N,Y,"cakmak+gas+rizla+filter>>Pen",,"",S
"346","","Bic pen red x50","","S",8,0,0,0,"",0,N,N,N,Y,"cakmak+gas+rizla+filter>>Pen",,"",S
"347","","Bic marker pen x12","","S",6,0,0,0,"",0,N,N,N,Y,"cakmak+gas+rizla+filter>>Pen",,"",S
"348","","Pantene shampoo smooth&sleek 400ml x6","","S",13.5,11.5,0,0,"",0,N,N,N,Y,"Medical+spray+shampoo",,"",S
"349","","Pantene shampoo classic care 400ml x6","","S",13.5,11.5,0,0,"",0,N,N,N,Y,"Medical+spray+shampoo",,"",S
"350","","Pantene shampoo volume & body 400ml x6","","S",13.5,11.5,0,0,"",0,N,N,N,Y,"Medical+spray+shampoo",,"",S
"351","","H&S conditioner classic clean 200ml x6","","S",9,7.5,0,0,"",0,N,N,N,Y,"Medical+spray+shampoo",,"",S
"352","","H&S shampoo classic clean 2 in 1 500ml x6","","S",15,0,0,0,"",0,N,N,N,Y,"Medical+spray+shampoo",,"",S
"353","","H&S shampoo classic clean 500ml x6","","S",15,0,0,0,"",0,N,N,N,Y,"Medical+spray+shampoo",,"",S
"354","","H&S shampoo cool menthol 500ml x6","","S",15,0,0,0,"",0,N,N,N,Y,"Medical+spray+shampoo",,"",S
"355","","H&S shampoo hair endurance 500ml x6","","S",15,0,0,0,"",0,N,N,N,Y,"Medical+spray+shampoo",,"",S
"356","","H&S shampoo classic clean 2 in 1, 200ml x6","","S",9,7.5,0,0,"",0,N,N,N,Y,"Medical+spray+shampoo",,"",S
"357","","H&S shampoo citrus 200ml x6","","S",9,7.5,0,0,"",0,N,N,N,Y,"Medical+spray+shampoo",,"",S
"358","","H&S shampoo classic clean 2 in1'400ml x6","","S",15,0,0,0,"",0,N,N,N,Y,"Medical+spray+shampoo",,"",S
"359","","H&S shampoo total care 3 in 1'400ml x6","","S",15,0,0,0,"",0,N,N,N,Y,"Medical+spray+shampoo",,"",S
"360","","H&S shampoo citrus 400ml x6","","S",15,0,0,0,"",0,N,N,N,Y,"Medical+spray+shampoo",,"",S
"361","","H&S shampoo classic clean 400ml x6","","S",15,0,0,0,"",0,N,N,N,Y,"Medical+spray+shampoo",,"",S
"362","","H&S shampoo smooth&silky 400ml x6","","S",15,0,0,0,"",0,N,N,N,Y,"Medical+spray+shampoo",,"",S
"363","","H&S shampoo cool menthol 400ml x6","","S",15,0,0,0,"",0,N,N,N,Y,"Medical+spray+shampoo",,"",S
"364","","Gentelle hair gel extra firm hold 250ml x12","","S",6,0,0,0,"",0,N,N,N,Y,"Medical+spray+shampoo",,"",S
"365","","Gentelle hair gel firm hold 250ml x12","","S",6,0,0,0,"",0,N,N,N,Y,"Medical+spray+shampoo",,"",S
"366","","Gentelle hair gel wet look 250ml x12","","S",6,0,0,0,"",0,N,N,N,Y,"Medical+spray+shampoo",,"",S
"367","","Nail polish remover 250ml x12","","S",9,7,0,0,"",0,N,N,N,Y,"Medical+spray+shampoo",,"",S
"368","","Bristows hairspray ultra hold 300ml x6","","S",6.5,0,0,0,"",0,N,N,N,Y,"Medical+spray+shampoo",,"",S
"369","","Harmony hairspray extra firm 225ml x6","","S",6.5,5,0,0,"",0,N,N,N,Y,"Medical+spray+shampoo",,"",S
"370","","Insette air freshener jasmine 330ml x12","","S",7,0,0,0,"",0,N,N,N,Y,"Medical+spray+shampoo",,"",S
"371","","Insette air freshener lavender 330ml x12","","S",7,0,0,0,"",0,N,N,N,Y,"Medical+spray+shampoo",,"",S
"372","","Insette air freshener summer rose 330ml x12","","S",7,0,0,0,"",0,N,N,N,Y,"Medical+spray+shampoo",,"",S
"373","","Afton air freshener lavender therapy 240ml x12","","S",7,0,0,0,"",0,N,N,N,Y,"Medical+spray+shampoo",,"",S
"374","","Afton air freshener fabulous fruits 240ml x12","","S",7,0,0,0,"",0,N,N,N,Y,"Medical+spray+shampoo",,"",S
"375","","Afton linen fresh 240ml x12","","S",7,0,0,0,"",0,N,N,N,Y,"Medical+spray+shampoo",,"",S
"376","","Afton air freshener citrus choice 240ml x12","","S",7,0,0,0,"",0,N,N,N,Y,"Medical+spray+shampoo",,"",S
"377","","Afton air freshener mountain spring 240ml x12","","S",7,0,0,0,"",0,N,N,N,Y,"Medical+spray+shampoo",,"",S
"378","","Afton air freshener oriental breeze 240ml x12","","S",7,0,0,0,"",0,N,N,N,Y,"Medical+spray+shampoo",,"",S
"379","","Colgate triple action 12x100ml","","S",11,8,0,0,"",0,N,N,N,Y,"Diş Macun+fırça",,"",S
"380","","Colgate £1pm 12x75ml","","S",8.5,6.3,0,0,"",0,N,N,N,Y,"Diş Macun+fırça",,"",S
"381","","Colgate herbal 100ml x12","","S",9,0,0,0,"",0,N,N,N,Y,"Diş Macun+fırça",,"",S
"382","","Colgate total clean mint original 100ml 100ml x12","","S",12,0,0,0,"",0,N,N,N,Y,"Diş Macun+fırça",,"",S
"383","","Colgate total professional whitening 100ml x12","","S",12,0,0,0,"",0,N,N,N,Y,"Diş Macun+fırça",,"",S
"384","","Colgate total professional clean 100ml x12","","S",12,0,0,0,"",0,N,N,N,Y,"Diş Macun+fırça",,"",S
"385","","Colgate advance white 100ml x12","","S",12,9.9,0,0,"",0,N,N,N,Y,"Diş Macun+fırça",,"",S
"386","","Colgate triple action 100ml x12","","S",10,8,0,0,"",0,N,N,N,Y,"Diş Macun+fırça",,"",S
"387","","Colgate junior strawberry 50ml x12","","S",8,5.5,0,0,"",0,N,N,N,Y,"Diş Macun+fırça",,"",S
"388","","Colgate junior bubble fruit 50ml x12","","S",8,0,0,0,"",0,N,N,N,Y,"Diş Macun+fırça",,"",S
"389","","Listerine coolmint 250ml x6 (mouth wash)","","S",9.5,7.2,0,0,"",0,N,N,N,Y,"Diş Macun+fırça",,"",S
"400","","Listerine total care 250ml x6 (mount wash)","","S",9.5,7.5,0,0,"",0,N,N,N,Y,"Diş Macun+fırça",,"",S
"401","","Listerine freshburst 250ml x6 (mouth wash)","","S",9.5,7.2,0,0,"",0,N,N,N,Y,"Diş Macun+fırça",,"",S
"402","","Reach toothbrush stay white x12","","S",9.5,0,0,0,"",0,N,N,N,Y,"Diş Macun+fırça",,"",S
"403","","Colgate kids toothbrush x12","","S",8,0,0,0,"",0,N,N,N,Y,"Diş Macun+fırça",,"",S
"404","","Colgate zigzag toothbrush x12","","S",6,4.5,0,0,"",0,N,N,N,Y,"Diş Macun+fırça",,"",S
"405","","Colgate maxwhite 12x100ml","","S",12,8.5,0,0,"",0,N,N,N,Y,"Diş Macun+fırça",,"",S
"406","","Colgate total massager toothbrush x12","","S",9,0,0,0,"",0,N,N,N,Y,"Diş Macun+fırça",,"",S
"407","","Colgate total professional toothbrush x12","","S",9,0,0,0,"",0,N,N,N,Y,"Diş Macun+fırça",,"",S
"408","","Oral B toothbrush x12","","S",8,0,0,0,"",0,N,N,N,Y,"Diş Macun+fırça",,"",S
"409","","Status bulbs bayonet cap 40W  x10","","S",6.5,4.8,0,0,"",0,N,N,N,Y,"Ampul+mum",,"",S
"410","","Status bulbs bayonet cab 70W  X10","","S",6.5,4.8,0,0,"",0,N,N,N,Y,"Ampul+mum",,"",S
"411","","Status bulbs bayonet cab 100W  X10","","S",6.5,4.8,0,0,"",0,N,N,N,Y,"Ampul+mum",,"",S
"412","","Status bulbs screw cap 40W X10","","S",6.5,4.8,0,0,"",0,N,N,N,Y,"Ampul+mum",,"",S
"413","","Status bulbs screw 60W. X10","","S",6.5,4.8,0,0,"",0,N,N,N,Y,"Ampul+mum",,"",S
"414","","Status bulbs screw 100W  X10","","S",6.5,4.8,0,0,"",0,N,N,N,Y,"Ampul+mum",,"",S
"415","","Status candle bulbs sec 28W  X10","","S",7,5,0,0,"",0,N,N,N,Y,"Ampul+mum",,"",S
"416","","Status candle bulbs sec 42W. X10","","S",7,5,0,0,"",0,N,N,N,Y,"Ampul+mum",,"",S
"417","","Status candle bulbs ec 40W. X10","","S",7,5,0,0,"",0,N,N,N,Y,"Ampul+mum",,"",S
"418","","Status candle bulbs ec 60W. X10","","S",7,5,0,0,"",0,N,N,N,Y,"Ampul+mum",,"",S
"419","","Status candle bulbs sbc 40W  X10","","S",7,5,0,0,"",0,N,N,N,Y,"Ampul+mum",,"",S
"420","","Maxim candle bulbs sbc 60W. X10","","S",4.5,0,0,0,"",0,N,N,N,Y,"Ampul+mum",,"",S
"421","","Status candle bulbs bc 42W  X10","","S",7,5,0,0,"",0,N,N,N,Y,"Ampul+mum",,"",S
"422","","Status candle bulbs bc 28W. X10","","S",7,5,0,0,"",0,N,N,N,Y,"Ampul+mum",,"",S
"423","","Birthday candles X24","","S",10,7.5,0,0,"",0,N,N,N,Y,"Ampul+mum",,"",S
"424","","Pocket tissue 10's","","S",1,0.55,0,0,"",0,N,N,N,Y,"Glue+tape+card+gillet",,"",S
"425","","Brown tape x6","","S",4,2.5,0,0,"",0,N,N,N,Y,"Glue+tape+card+gillet",,"",S
"426","","Clear tape x6","","S",4,2.5,0,0,"",0,N,N,N,Y,"Glue+tape+card+gillet",,"",S
"427","","Sello tape small X8","","S",3,1.5,0,0,"",0,N,N,N,Y,"Glue+tape+card+gillet",,"",S
"428","","Prima sello tape large X6","","S",3,1.5,0,0,"",0,N,N,N,Y,"Glue+tape+card+gillet",,"",S
"429","","Bos","","S",4,0,0,0,"",0,N,N,N,Y,"Glue+tape+card+gillet",,"",S
"430","","Bos","","S",6,0,0,0,"",0,N,N,N,Y,"Glue+tape+card+gillet",,"",S
"431","","GSD super glue 3gr  x24","","S",6,4.5,0,0,"",0,N,N,N,Y,"Glue+tape+card+gillet",,"",S
"432","","Loctite super glue 3gr x24","","S",33,30,0,0,"",0,N,N,N,Y,"Glue+tape+card+gillet",,"",S
"433","","Waddington playing card x12","","S",13,10.5,0,0,"",0,N,N,N,Y,"Glue+tape+card+gillet",,"",S
"434","","Blue tuck x12","","S",7.5,5.7,0,0,"",0,N,N,N,Y,"Glue+tape+card+gillet",,"",S
"435","","Tipp ex   X10","","S",11,0,0,0,"",0,N,N,N,Y,"Glue+tape+card+gillet",,"",S
"436","","Pruitt stick x25","","S",13.5,0,0,0,"",0,N,N,N,Y,"Glue+tape+card+gillet",,"",S
"437","","Gillette Mach 3 blade 4's. X10","","S",50,0,0,0,"",0,N,N,N,Y,"Glue+tape+card+gillet",,"",S
"438","","Gillette 2,  5's. X24","","S",20,17.1,0,0,"",0,N,N,N,Y,"Glue+tape+card+gillet",,"",S
"439","","Gillette blue ll 5's. X20","","S",28,25.5,0,0,"",0,N,N,N,Y,"Glue+tape+card+gillet",,"",S
"440","","Gillette blue ll plus x24","","S",25,0,0,0,"",0,N,N,N,Y,"Glue+tape+card+gillet",,"",S
"441","","Bic razor 5's x20","","S",13,10.6,0,0,"",0,N,N,N,Y,"Glue+tape+card+gillet",,"",S
"442","","Wilkinson blade 5's x20","","S",11,0,0,0,"",0,N,N,N,Y,"Glue+tape+card+gillet",,"",S
"443","","Super max blade 5's x20","","S",7,0,0,0,"",0,N,N,N,Y,"Glue+tape+card+gillet",,"",S
"444","","Gillette shaving gel sensitive skin 200ml. X6","","S",12,0,0,0,"",0,N,N,N,Y,"Glue+tape+card+gillet",,"",S
"445","","Gillette shaving gel pure & sensitive 200ml x6","","S",12,0,0,0,"",0,N,N,N,Y,"Glue+tape+card+gillet",,"",S
"446","","Gillette foam regular 200ml x6","","S",7,0,0,0,"",0,N,N,N,Y,"Glue+tape+card+gillet",,"",S
"447","","Gillette foam lemon lime 200ml x6","","S",7,0,0,0,"",0,N,N,N,Y,"Glue+tape+card+gillet",,"",S
"448","","Gillette foam sensitive skin 200ml x6","","S",7,0,0,0,"",0,N,N,N,Y,"Glue+tape+card+gillet",,"",S
"449","","Gillette gel sensitive skin 200ml x6","","S",10,8,0,0,"",0,N,N,N,Y,"Glue+tape+card+gillet",,"",S
"450","","Gillette gel regular 200ml x6","","S",10,8,0,0,"",0,N,N,N,Y,"Glue+tape+card+gillet",,"",S
"451","","Gillette face wash 150ml x6","","S",8,0,0,0,"",0,N,N,N,Y,"Glue+tape+card+gillet",,"",S
"452","","Rat glue x24","","S",10,0,0,0,"",0,N,N,N,Y,"Glue+tape+card+gillet",,"",S
"453","","Mouse glue x24","","S",10,0,0,0,"",0,N,N,N,Y,"Glue+tape+card+gillet",,"",S
"454","","J&J baby oil 300g  X6","","S",7,0,0,0,"",0,N,N,N,Y,"Medical+spray+shampoo",,"",S
"455","","J&J baby wipes 56's  X6","","S",6.5,0,0,0,"",0,N,N,N,Y,"Medical+spray+shampoo",,"",S
"456","","J&J baby shampoo 300ml X6","","S",7,0,0,0,"",0,N,N,N,Y,"Medical+spray+shampoo",,"",S
"457","","J&J baby soap 4X100g  X6","","S",10,0,0,0,"",0,N,N,N,Y,"Medical+spray+shampoo",,"",S
"458","","J&J baby powder 200g  X6","","S",6.5,5.25,0,0,"",0,N,N,N,Y,"Medical+spray+shampoo",,"",S
"459","","J&J baby lotion 200ml. X6","","S",6.5,0,0,0,"",0,N,N,N,Y,"Medical+spray+shampoo",,"",S
"469","","J&J cotton buds 100s  X6","","S",6,4.35,0,0,"",0,N,N,N,Y,"Medical+spray+shampoo",,"",S
"470","","J&J cotton buds 200's  X6","","S",8,5.25,0,0,"",0,N,N,N,Y,"Medical+spray+shampoo",,"",S
"471","","Athena cotton 100's. X12","","S",6,3.5,0,0,"",0,N,N,N,Y,"Medical+spray+shampoo",,"",S
"472","","Ellino cotton swaps 100's. X12","","S",6,0,0,0,"",0,N,N,N,Y,"Medical+spray+shampoo",,"",S
"473","","Pampers baby wipes fresh clean 64's   X12","","S",13,10.8,0,0,"",0,N,N,N,Y,"Medical+spray+shampoo",,"",S
"474","","J&J baby wipes 56's. X12","","S",12,9.5,0,0,"",0,N,N,N,Y,"Medical+spray+shampoo",,"",S
"475","","Little wonder baby soothers x25","","S",7,0,0,0,"",0,N,N,N,Y,"Medical+spray+shampoo",,"",S
"476","","County baby soothers x12","","S",5,0,0,0,"",0,N,N,N,Y,"Medical+spray+shampoo",,"",S
"477","","Chicco baby soothers cherry dummy x12","","S",11,0,0,0,"",0,N,N,N,Y,"Medical+spray+shampoo",,"",S
"488","","For my baby wipes 80's x12","","S",9,7,0,0,"",0,N,N,N,Y,"Medical+spray+shampoo",,"",S
"489","","Baby bottle 250ml x12","","S",8,0,0,0,"",0,N,N,N,Y,"Medical+spray+shampoo",,"",S
"490","","J&J baby bath 200g. X6","","S",6,0,0,0,"",0,N,N,N,Y,"Medical+spray+shampoo",,"",S
"491","","Ellino baby wipes junior x24","","S",16,0,0,0,"",0,N,N,N,Y,"Medical+spray+shampoo",,"",S
"492","","Ellino wet wipes x24","","S",16,0,0,0,"",0,N,N,N,Y,"Medical+spray+shampoo",,"",S
"493","","Ellino wet pocket wipes x40","","S",8,0,0,0,"",0,N,N,N,Y,"Medical+spray+shampoo",,"",S
"494","","Ellino make up remover wipes 25's  X10","","S",5.5,0,0,0,"",0,N,N,N,Y,"Medical+spray+shampoo",,"",S
"495","","Rubber band x12","","S",8,0,0,0,"",0,N,N,N,Y,"Medical+spray+shampoo",,"",S
"496","","Balloon 25's x12","","S",12,6.6,0,0,"",0,N,N,N,Y,"Glue+tape+card+gillet",,"",S
"497","","Loom bandz x12","","S",5,0,0,0,"",0,N,N,N,Y,"Glue+tape+card+gillet",,"",S
"499","","Fruittella strawberry x40","","S",11,8.5,0,0,"",0,N,N,N,Y,"Chocolate",,"",S
"500","","Fruittella Magic x40","","S",11,8.5,0,0,"",0,N,N,N,Y,"Chocolate",,"",S
"501","","Fruittella English fruits x40","","S",11,8.5,0,0,"",0,N,N,N,Y,"Chocolate",,"",S
"502","","Fruittella summer fruits x40","","S",11,8.5,0,0,"",0,N,N,N,Y,"Chocolate",,"",S
"503","","Fruittella blackurrant x40","","S",11,8.5,0,0,"",0,N,N,N,Y,"Chocolate",,"",S
"504","","Polo original x48","","S",15,10.5,0,0,"",0,N,N,N,Y,"Chocolate",,"",S
"505","","Polo spearmint x48","","S",15,0,0,0,"",0,N,N,N,Y,"Chocolate",,"",S
"506","","Halls lime x20","","S",7.5,6,0,0,"",0,N,N,N,Y,"Chocolate",,"",S
"507","","Halls mentho-lyptus x20","","S",7.5,6,0,0,"",0,N,N,N,Y,"Chocolate",,"",S
"508","","Halls wild berry x20","","S",7.5,6,0,0,"",0,N,N,N,Y,"Chocolate",,"",S
"509","","Halls extra strong x20","","S",7.5,6,0,0,"",0,N,N,N,Y,"Chocolate",,"",S
"510","","Halls honey & lemon x20","","S",7.5,6,0,0,"",0,N,N,N,Y,"Chocolate",,"",S
"511","","Halls strawberry x20","","S",7.5,6,0,0,"",0,N,N,N,Y,"Chocolate",,"",S
"512","","Chupa chups x14","","S",1.4,1,0,0,"",0,N,N,N,Y,"Chocolate",,"",S
"513","","Bounty small 24x57g","","S",9,7.5,0,0,"",0,N,N,N,Y,"Chocolate",,"",S
"514","","Bounty trio x21","","S",12,9.5,0,0,"",0,N,N,N,Y,"Chocolate",,"",S
"515","","Ferrero rocher t3 x16","","S",10,7.35,0,0,"",0,N,N,N,Y,"Chocolate",,"",S
"516","","Raffaello t4 x16","","S",10,7.5,0,0,"",0,N,N,N,Y,"Chocolate",,"",S
"517","","Milkybar medium bars 40x25g","","S",14.5,12.5,0,0,"",0,N,N,N,Y,"Chocolate",,"",S
"518","","Kitkat cookie dough 24x42g","","S",10,8,0,0,"",0,N,N,N,Y,"Chocolate",,"",S
"519","","Milka Oreo 20x100g","","S",13,10,0,0,"",0,N,N,N,Y,"Chocolate",,"",S
"520","","Milka daim 20x100g","","S",13,10,0,0,"",0,N,N,N,Y,"Chocolate",,"",S
"521","","Milka hazelnut 20x100g","","S",13,10,0,0,"",0,N,N,N,Y,"Chocolate",,"",S
"522","","Milka strawberry 20x100g","","S",13,10,0,0,"",0,N,N,N,Y,"Chocolate",,"",S
"523","","Cadbury finger 129pm 12x114g","","S",11,8.39,0,0,"",0,N,N,N,Y,"Biscuits",,"",S
"524","","Always ultra long 14's x12","","S",16.8,0,0,0,"",0,N,N,N,Y,"Pil+condom+pet",,"",S
"525","","Always ultra normal £2.29pm x16","","S",25,22,0,0,"",0,N,N,N,Y,"Pil+condom+pet",,"",S
"526","","Always ultra long 16's x112","","S",16,0,0,0,"",0,N,N,N,Y,"Pil+condom+pet",,"",S
"527","","Always classic  normal 10's x16","","S",16,0,0,0,"",0,N,N,N,Y,"Pil+condom+pet",,"",S
"528","","Always classic standard 10's x24","","S",16,13,0,0,"",0,N,N,N,Y,"Pil+condom+pet",,"",S
"529","","Always ultra night 7's x24","","S",24,0,0,0,"",0,N,N,N,Y,"Pil+condom+pet",,"",S
"530","","Always ultra super plus 8's x20","","S",20,0,0,0,"",0,N,N,N,Y,"Pil+condom+pet",,"",S
"531","","Always ultra night mega economy 28's x6","","S",13,0,0,0,"",0,N,N,N,Y,"Pil+condom+pet",,"",S
"532","","Always discreet fresh 34's x12","","S",12,0,0,0,"",0,N,N,N,Y,"Pil+condom+pet",,"",S
"533","","Always classic night 8's x16","","S",15,0,0,0,"",0,N,N,N,Y,"Pil+condom+pet",,"",S
"534","","Always ultra thin 8's long x16","","S",16,0,0,0,"",0,N,N,N,Y,"Pil+condom+pet",,"",S
"535","","Always ultra thin 7's extra long x16","","S",16,0,0,0,"",0,N,N,N,Y,"Pil+condom+pet",,"",S
"536","","Always classic maxi 10's x8","","S",16,0,0,0,"",0,N,N,N,Y,"Pil+condom+pet",,"",S
"537","","Bodyform goodnight 10's x6","","S",8,0,0,0,"",0,N,N,N,Y,"Pil+condom+pet",,"",S
"538","","Bodyform super wings 12's x12","","S",13.5,0,0,0,"",0,N,N,N,Y,"Pil+condom+pet",,"",S
"539","","Bodyform normal wings 14's x12","","S",13.5,0,0,0,"",0,N,N,N,Y,"Pil+condom+pet",,"",S
"540","","Bodyform long wings 10's x12","","S",13,0,0,0,"",0,N,N,N,Y,"Pil+condom+pet",,"",S
"541","","Ultrex ultra fit 10's x12","","S",7,5.04,0,0,"",0,N,N,N,Y,"Pil+condom+pet",,"",S
"542","","Ultrex ultra slim 10's x12","","S",7,5.04,0,0,"",0,N,N,N,Y,"Pil+condom+pet",,"",S
"543","","Ultrex ultra plus 8's x12","","S",7,5.04,0,0,"",0,N,N,N,Y,"Pil+condom+pet",,"",S
"544","","Ultrex ultra night 8's x12","","S",7,5.04,0,0,"",0,N,N,N,Y,"Pil+condom+pet",,"",S
"545","","Tampax super plus 20's x8","","S",15,0,0,0,"",0,N,N,N,Y,"Pil+condom+pet",,"",S
"546","","Tampax super 20's x8","","S",15,0,0,0,"",0,N,N,N,Y,"Pil+condom+pet",,"",S
"547","","Tampax regular 20's x8","","S",15,0,0,0,"",0,N,N,N,Y,"Pil+condom+pet",,"",S
"548","","Tampax lites 20's x8","","S",15,0,0,0,"",0,N,N,N,Y,"Pil+condom+pet",,"",S
"549","","Durex extra safe condom 3's x12","","S",13,8,0,0,"",0,N,N,N,Y,"Pil+condom+pet",,"",S
"550","","gloves large 100's x1","","S",7,0,0,0,"",0,N,N,N,Y,"bags+foil+gloves+plates",,"",S
"551","","Gloves medium  x12","","S",10,6.3,0,0,"",0,N,N,N,Y,"bags+foil+gloves+plates",,"",S
"552","","Gloves large 16's x1","","S",1,0,0,0,"",0,N,N,N,Y,"bags+foil+gloves+plates",,"",S
"553","","Gloves small x12","","S",10,6.3,0,0,"",0,N,N,N,Y,"bags+foil+gloves+plates",,"",S
"554","","Gloves powdered large 100's x1","","S",5,0,0,0,"",0,N,N,N,Y,"bags+foil+gloves+plates",,"",S
"555","","Gloves powdered medium 100's x1","","S",5,0,0,0,"",0,N,N,N,Y,"bags+foil+gloves+plates",,"",S
"556","","Sponge scourers 10's","","S",6,4,0,0,"",0,N,N,N,Y,"bags+foil+gloves+plates",,"",S
"557","","Jumbo car sponge x12","","S",7,0,0,0,"",0,N,N,N,Y,"bags+foil+gloves+plates",,"",S
"558","","Essential turkey foil 600mm x3m x24","","S",20,0,0,0,"",0,N,N,N,Y,"bags+foil+gloves+plates",,"",S
"559","","Essential kitchen foil 30cm x 5m x12","","S",6,4.25,0,0,"",0,N,N,N,Y,"bags+foil+gloves+plates",,"",S
"560","","Essential perforated cling film 30cm x 30m x12","","S",9,7,0,0,"",0,N,N,N,Y,"bags+foil+gloves+plates",,"",S
"561","","Essential  cling film 45cm x 300m x1","","S",9.5,7.5,0,0,"",0,N,N,N,Y,"bags+foil+gloves+plates",,"",S
"562","","Essential greaseproof paper 375mm x 10m x12","","S",10,0,0,0,"",0,N,N,N,Y,"bags+foil+gloves+plates",,"",S
"563","","Plastic water cups white 100's","","S",1,0,0,0,"",0,N,N,N,Y,"bags+foil+gloves+plates",,"",S
"564","","Plastic water cups clear 100's","","S",1,0,0,0,"",0,N,N,N,Y,"bags+foil+gloves+plates",,"",S
"565","","Paper plates ""7"" 35's","","S",1,0,0,0,"",0,N,N,N,Y,"bags+foil+gloves+plates",,"",S
"566","","Paper plates ""9"" 30's","","S",1,0,0,0,"",0,N,N,N,Y,"bags+foil+gloves+plates",,"",S
"567","","Plastic plates ""7"" 30's","","S",1,0.66,0,0,"",0,N,N,N,Y,"bags+foil+gloves+plates",,"",S
"568","","Plastic plates ""9"" 15's","","S",1,0.66,0,0,"",0,N,N,N,Y,"bags+foil+gloves+plates",,"",S
"569","","Plastic bowls 12oz 15's","","S",1,0,0,0,"",0,N,N,N,Y,"bags+foil+gloves+plates",,"",S
"570","","Plastic divider plates 8's","","S",1,0,0,0,"",0,N,N,N,Y,"bags+foil+gloves+plates",,"",S
"571","","Plastic forks 100's","","S",1,0.72,0,0,"",0,N,N,N,Y,"bags+foil+gloves+plates",,"",S
"572","","Plastic spoons 80's","","S",1,0,0,0,"",0,N,N,N,Y,"bags+foil+gloves+plates",,"",S
"573","","Plastic knifes 100's","","S",1,0,0,0,"",0,N,N,N,Y,"bags+foil+gloves+plates",,"",S
"574","","Jumbo bags blue","","S",16,13.5,0,0,"",0,N,N,N,Y,"bags+foil+gloves+plates",,"",S
"575","","Jumbo bags white","","S",15,0,0,0,"",0,N,N,N,Y,"bags+foil+gloves+plates",,"",S
"576","","Extra jumbo bags white 500's","","S",13,0,0,0,"",0,N,N,N,Y,"bags+foil+gloves+plates",,"",S
"577","","Carry bags blue 15mu","","S",11,9.25,0,0,"",0,N,N,N,Y,"bags+foil+gloves+plates",,"",S
"578","","Carry bags white 15mu","","S",9.5,0,0,0,"",0,N,N,N,Y,"bags+foil+gloves+plates",,"",S
"579","","Carry bags red 15mu","","S",9.5,0,0,0,"",0,N,N,N,Y,"bags+foil+gloves+plates",,"",S
"580","","Carry bags blue 18mu","","S",13,8.75,0,0,"",0,N,N,N,Y,"bags+foil+gloves+plates",,"",S
"581","","T-shirt blue bag 2000's","","S",12.5,10.5,0,0,"",0,N,N,N,Y,"bags+foil+gloves+plates",,"",S
"582","","T-shirt white bag 2000's","","S",12.5,10.5,0,0,"",0,N,N,N,Y,"bags+foil+gloves+plates",,"",S
"583","","Bottle bags white","","S",14.5,12.25,0,0,"",0,N,N,N,Y,"bags+foil+gloves+plates",,"",S
"584","","Bottle bags black","","S",14.5,12.25,0,0,"",0,N,N,N,Y,"bags+foil+gloves+plates",,"",S
"585","","Stripe bags 2000's","","S",12,0,0,0,"",0,N,N,N,Y,"bags+foil+gloves+plates",,"",S
"586","","Vegetable roll x20","","S",22,0,0,0,"",0,N,N,N,Y,"bags+foil+gloves+plates",,"",S
"587","","Dustbin bags 10's x20","","S",9,6.25,0,0,"",0,N,N,N,Y,"bags+foil+gloves+plates",,"",S
"588","","Dustbin bags 20's x20","","S",13,10.5,0,0,"",0,N,N,N,Y,"bags+foil+gloves+plates",,"",S
"589","","Garden bags x20","","S",13,0,0,0,"",0,N,N,N,Y,"bags+foil+gloves+plates",,"",S
"590","","Royal market refuse sacks 20's 18x29""x34"" x30","","S",25,22,0,0,"",0,N,N,N,Y,"bags+foil+gloves+plates",,"",S
"591","","Royal market refuse sacks 10's 180 gauge 18x29""x39 x30","","S",25,22,0,0,"",0,N,N,N,Y,"bags+foil+gloves+plates",,"",S
"592","","Royal market garden sacks 10's x30","","S",25,22,0,0,"",0,N,N,N,Y,"bags+foil+gloves+plates",,"",S
"593","","Royal market rubble sacks 5's x30","","S",25,22,0,0,"",0,N,N,N,Y,"bags+foil+gloves+plates",,"",S
"594","","Essential hd refuse sacks 20's (29x33) x30","","S",22,0,0,0,"",0,N,N,N,Y,"bags+foil+gloves+plates",,"",S
"595","","Essential hd garden sacks 10's (28x38.25) x30","","S",22,0,0,0,"",0,N,N,N,Y,"bags+foil+gloves+plates",,"",S
"596","","Flap jacks mix x20","","S",8,5.4,0,0,"",0,N,N,N,Y,"Cake",,"",S
"597","","Flap jacks chocolate x20","","S",8,5.6,0,0,"",0,N,N,N,Y,"Cake",,"",S
"598","","Flap jacks white chocolate x20","","S",8,5.6,0,0,"",0,N,N,N,Y,"Cake",,"",S
"599","","Flap jacks dark & white mix x20","","S",8,5.6,0,0,"",0,N,N,N,Y,"Cake",,"",S
"600","","Apple rounds","","S",1,0.95,0,0,"",0,N,N,N,Y,"Cake",,"",S
"601",""," Fanta lemon (green) 12x500ml","","S",9.5,7.25,0,0,"",0,N,N,N,Y,"Alovera",,"",S
"602","","Quickbury lemon cake","","S",1,0,0,0,"",0,N,N,N,Y,"Cake",,"",S
"603","","Quickbury chocolate cake","","S",1,0,0,0,"",0,N,N,N,Y,"Cake",,"",S
"604","","marble cake x6","","S",8,6,0,0,"",0,N,N,N,Y,"Cake",,"",S
"605","","Lemon cake 1.29pm","","S",0.9,0,0,0,"",0,N,N,N,Y,"Cake",,"",S
"606","","Chocolate cake 1.29pm","","S",0.9,0,0,0,"",0,N,N,N,Y,"Cake",,"",S
"607","","Alovera natural 500ml x20","","S",13,8.5,0,0,"",0,N,N,N,Y,"Alovera",,"",S
"608","","Alovera strawberry 500ml x20","","S",13,8.5,0,0,"",0,N,N,N,Y,"Alovera",,"",S
"609","","Alovera pineapple 500ml x20","","S",13,8.5,0,0,"",0,N,N,N,Y,"Alovera",,"",S
"610","","Alovera mango 500ml x20","","S",13,8.5,0,0,"",0,N,N,N,Y,"Alovera",,"",S
"611","","Alovera lychee 500ml x20","","S",13,8.5,0,0,"",0,N,N,N,Y,"Alovera",,"",S
"612","","Nestle rolo 36x52g","","S",16,14,0,0,"",0,N,N,N,Y,"Chocolate",,"",S
"613","","Nestle drifter x48","","S",20,18,0,0,"",0,N,N,N,Y,"Chocolate",,"",S
"614","","Chocolate pastry x15","","S",20,17.5,1.39,0,"",0,N,N,N,Y,"Cake",,"",S
"615","","Honey pastry","","S",1,0,1.39,0,"",0,N,N,N,Y,"Cake",,"",S
"616","","Chewits blackurrant x40","","S",10,7.2,0,0,"",0,N,N,N,Y,"Chocolate",,"",S
"618","","Galaxy cookie crumble £1pm x24","","S",19,16.7,0,0,"",0,N,N,N,Y,"Chocolate",,"",S
"617","","Galaxy smooth milk £1pm x24","","S",19,16.7,0,0,"",0,N,N,N,Y,"Chocolate",,"",S
"619","","Crunchie x48","","S",18,15.5,0,0,"",0,N,N,N,Y,"Chocolate",,"",S
"620","","Reese's nut bar","","S",9,7.2,0,0,"",0,N,N,N,Y,"Chocolate",,"",S
"621","","Boost x48","","S",21,19.5,0,0,"",0,N,N,N,Y,"Chocolate",,"",S
"622","","Chewits orange x40","","S",10,7.2,0,0,"",0,N,N,N,Y,"Chocolate",,"",S
"623","","Maltesers 121gx20","","S",25,0,0,0,"",0,N,N,N,Y,"Chocolate",,"",S
"624","","Galaxy Minstrels 1pm 20x105g","","S",15,13.45,0,0,"",0,N,N,N,Y,"Chocolate",,"",S
"625","","Soothers cheers","","S",10,8.25,0,0,"",0,N,N,N,Y,"Chocolate",,"",S
"626","","Soothers strawberry","","S",10,8.25,0,0,"",0,N,N,N,Y,"Chocolate",,"",S
"627","","Soothers preach","","S",10,8.25,0,0,"",0,N,N,N,Y,"Chocolate",,"",S
"628","","Soothers blackurrant","","S",10,8.25,0,0,"",0,N,N,N,Y,"Chocolate",,"",S
"629","","Galaxy honey £1pm x24","","S",19,16.7,0,0,"",0,N,N,N,Y,"Chocolate",,"",S
"630","","Galaxy caramel £1pm x24","","S",19,16.7,0,0,"",0,N,N,N,Y,"Chocolate",,"",S
"631","","Galaxy nut £1pm x24","","S",19,16.7,0,0,"",0,N,N,N,Y,"Chocolate",,"",S
"633","","Tago hazelnut","","S",0.9,0.64,1.29,0,"",0,N,N,N,Y,"Cake",,"",S
"634","","Tago cacao","","S",0.9,0.64,1.29,0,"",0,N,N,N,Y,"Cake",,"",S
"632","","Tasty banana","","S",1.1,0,1.49,0,"",0,N,N,N,Y,"Cake",,"",S
"635","","Jacobs cheddars £1.39pm x12","","S",10,8,0,0,"",0,N,N,N,Y,"Biscuits",,"",S
"636","","Cadbury Dairy milk oreo 36x","","S",16,13.2,0,0,"",0,N,N,N,Y,"Chocolate",,"",S
"637","","7 days max with cocoa 20x80g","","S",8,5.8,0,0,"",0,N,N,N,Y,"Cake",,"",S
"638","","7days double cocoa vanilla 20x80g","","S",8,5.8,0,0,"",0,N,N,N,Y,"Cake",,"",S
"639","","7 days max peanut cocoa 20x80g","","S",8,5.8,0,0,"",0,N,N,N,Y,"Cake",,"",S
"640","","7 days strawberry vanilla 20x80g","","S",8,5.8,0,0,"",0,N,N,N,Y,"Cake",,"",S
"641","","7days mini cocoa croissant 8x185g","","S",7,4.96,0,0,"",0,N,N,N,Y,"Cake",,"",S
"642","","7days mini. Cocoa & vanilla Croissants 8x185g","","S",7,4.96,0,0,"",0,N,N,N,Y,"Cake",,"",S
"643","","Kerem chickpeas 16x250g","","S",22,18,0,0,"",0,N,N,N,Y,"Cerez",,"",S
"644","","Tadim extra salted sunflower 12x200g","","S",16,12.1,0,0,"",0,N,N,N,Y,"Cerez",,"",S
"645","","Tadim normal sunflower 12x400g","","S",29,23.5,0,0,"",0,N,N,N,Y,"Cerez",,"",S
"646","","Nestle aero chocolate 36x36g","","S",16,13,0,0,"",0,N,N,N,Y,"Chocolate",,"",S
"647","","Maltesers teasers 24x35g","","S",11.5,9.5,0,0,"",0,N,N,N,Y,"Chocolate",,"",S
"648","","Kitkat mocha 24x45g","","S",9,0,0,0,"",0,N,N,N,Y,"Chocolate",,"",S
"649","","Cadbury starbar 32x49","","S",15,12.5,0,0,"",0,N,N,N,Y,"Chocolate",,"",S
"650","","Quickbury sunflower seed bread x12","","S",14,0,0,0,"",0,N,N,N,Y,"Cake",,"",S
"651","","Quickbury mixed cereal bread x12","","S",14,0,0,0,"",0,N,N,N,Y,"Cake",,"",S
"652","","Rowntree's fruit pastilles x32","","S",12,0,0,0,"",0,N,N,N,Y,"Chocolate",,"",S
"653","","Galaxy Duet Caramel £1pm 24x95g","","S",15,0,0,0,"",0,N,N,N,Y,"Chocolate",,"",S
"654","","Galaxy bubbles 24x31g","","S",11.5,0,0,0,"",0,N,N,N,Y,"Chocolate",,"",S
"655","","Fry's chocolate cream  54x49g","","S",24,16,0,0,"",0,N,N,N,Y,"Chocolate",,"",S
"656","","Reese's peanut butter cups 40x51g","","S",20,17.5,0,0,"",0,N,N,N,Y,"Chocolate",,"",S
"657","","Cadbury wispa 48x39g","","S",20,18,0,0,"",0,N,N,N,Y,"Chocolate",,"",S
"658","","Milky Way crispy rolls 65x25g","","S",15,12,0,0,"",0,N,N,N,Y,"Chocolate",,"",S
"659","","Chewits strawberry x40","","S",10,7.2,0,0,"",0,N,N,N,Y,"Chocolate",,"",S
"660","","Bounty dark 24x57g","","S",11,8.5,0,0,"",0,N,N,N,Y,"Chocolate",,"",S
"661","","M&M crispy x16 £1pm","","S",13,11.15,0,0,"",0,N,N,N,Y,"Chocolate",,"",S
"662","","M&M peanut 12x121g","","S",16.5,0,0,0,"",0,N,N,N,Y,"Chocolate",,"",S
"663","","Steroplaster fabric 16's x24","","S",12,8.5,0,0,"",0,N,N,N,Y,"Medical+spray+shampoo",,"",S
"664","","Steroplaster waterproof 16's","","S",10,0,0,0,"",0,N,N,N,Y,"Medical+spray+shampoo",,"",S
"665","","Essential candles white x25","","S",7.5,5.25,0,0,"",0,N,N,N,Y,"Ampul+mum",,"",S
"666","","Essential candles red x25","","S",7.5,5.25,0,0,"",0,N,N,N,Y,"Ampul+mum",,"",S
"667","","Yellow dusters 10x10's","","S",10.5,8.5,0,0,"",0,N,N,N,Y,"bags+foil+gloves+plates",,"",S
"668","","Kinder joy egg 72x20g","","S",44,38,0,0,"",0,N,N,N,Y,"Chocolate",,"",S
"669","","Cadbury dairy milk fruit&nut 48x49g","","S",22,19.5,0,0,"",0,N,N,N,Y,"Chocolate",,"",S
"670","","Galaxy cookie crumble 24x31g","","S",11.5,0,0,0,"",0,N,N,N,Y,"Chocolate",,"",S
"671","","Milky bar buttons x48","","S",18,15,0,0,"",0,N,N,N,Y,"Chocolate",,"",S
"672","","Maryland big&chunky white 8x180g","","S",8,0,0,0,"",0,N,N,N,Y,"Biscuits",,"",S
"673","","Pro plus tablet","","S",0,0,0,0,"",0,N,N,N,Y,"Medical+spray+shampoo",,"",S
"674","","Teasers £1pm 23x100g","","S",18.5,16.5,0,0,"",0,N,N,N,Y,"Chocolate",,"",S
"675","","Tadim roasted pumkin seeds 12x180g","","S",25,20.06,0,0,"",0,N,N,N,Y,"Cerez",,"",S
"676","","Tadim extra salted sunflower 12x400g","","S",29,23.5,0,0,"",0,N,N,N,Y,"Cerez",,"",S
"677","","Tadim normal sunflower 12x200g","","S",16,12.1,0,0,"",0,N,N,N,Y,"Cerez",,"",S
"678","","Clipper platin x50","","S",13,10.2,0,0,"",0,N,N,N,Y,"cakmak+gas+rizla+filter",,"",S
"679","","Extra  peppermint gum","","S",8.5,7.5,0,0,"",0,N,N,N,Y,"Chocolate",,"",S
"680","","Vega pas mantecadas 10 units","","S",1.1,0,0,0,"",0,N,N,N,Y,"Cake",,"",S
"681","","Vega pas madeira cakes 9 units","","S",1,0,0,0,"",0,N,N,N,Y,"Cake",,"",S
"682","","Raw cone 32x3's","","S",17.5,16.5,0,0,"",0,N,N,N,Y,"cakmak+gas+rizla+filter",,"",S
"683","","Fanta shokata (blue) 12x500ml","","S",9.5,7.25,0,0,"",0,N,N,N,Y,"Alovera",,"",S
"684","","Maryland soft baked 8x200g","","S",8,0,0,0,"",0,N,N,N,Y,"Biscuits",,"",S
"685","","Mr.tom 36x40g","","S",8,6,0,0,"",0,N,N,N,Y,"Chocolate",,"",S
"686","","Grinder x12","","S",7,4,0,0,"",0,N,N,N,Y,"Pil+condom+pet",,"",S
"687","","Milky bar 12x100g £1pm","","S",9.5,7.8,0,0,"",0,N,N,N,Y,"Chocolate",,"",S
"688","","Nestle Aero mint bar 36x36g","","S",16,13,0,0,"",0,N,N,N,Y,"Chocolate",,"",S
"689","","Tic tac 20x18g","","S",7,5,0,0,"",0,N,N,N,Y,"Chocolate",,"",S
"690","","Cadbury d.m marvellous 24x47g","","S",10,0,0,0,"",0,N,N,N,Y,"Chocolate",,"",S
"691","","Royal market refuse sacks 30x10's","","S",25,22,0,0,"",0,N,N,N,Y,"bags+foil+gloves+plates",,"",S
"692","","Royal market refuse sacks 30x20's","","S",25,22,0,0,"",0,N,N,N,Y,"bags+foil+gloves+plates",,"",S
"693","","Kitkat 4 finger x24","","S",9,7,0,0,"",0,N,N,N,Y,"Chocolate",,"",S
"694","","Strepsils honey & lemon 16's","","S",10,8.4,0,0,"",0,N,N,N,Y,"Medical+spray+shampoo",,"",S
"695","","Milka happy cows 21x100g","","S",13.5,10.5,0,0,"",0,N,N,N,Y,"Chocolate",,"",S
"696","","Tadim roasted hazelnut 12x200g","","S",44,35.78,0,0,"",0,N,N,N,Y,"Cerez",,"",S
"697","","Blunt Apple martini x25pcs","","S",14,12,0,0,"",0,N,N,N,Y,"cakmak+gas+rizla+filter",,"",S
"698","","Blunt chocolate x25","","S",14,12,0,0,"",0,N,N,N,Y,"cakmak+gas+rizla+filter",,"",S
"699","","Blunt blueberry x25","","S",14,12,0,0,"",0,N,N,N,Y,"cakmak+gas+rizla+filter",,"",S
"700","","Blunt bubble gum x25","","S",14,12,0,0,"",0,N,N,N,Y,"cakmak+gas+rizla+filter",,"",S
"701","","Blunt watermelon x25","","S",14,12,0,0,"",0,N,N,N,Y,"cakmak+gas+rizla+filter",,"",S
"702","","Blunt grape a licious x25","","S",14,12,0,0,"",0,N,N,N,Y,"cakmak+gas+rizla+filter",,"",S
"703","","Eazy popcorn sweet 16x100g","","S",7.5,0,0,0,"",0,N,N,N,Y,"Cerez",,"",S
"704","","Eazy popcorn salted 16x100g","","S",7.5,0,0,0,"",0,N,N,N,Y,"Cerez",,"",S
"705","","Galaxy ripple 36x32g","","S",15,9,0,0,"",0,N,N,N,Y,"Chocolate",,"",S
"706","","Jelly tots 36x42g","","S",15,0,0,0,"",0,N,N,N,Y,"Chocolate",,"",S
"707","","Meray ceviz ici extra 12x150g","","S",18,14.4,0,0,"",0,N,N,N,Y,"Cerez",,"",S
"708","","Meray antep fistik kavrulmus&tuzlu 12x150g","","S",24,20,0,0,"",0,N,N,N,Y,"Cerez",,"",S
"709","","Meray fındık ici kavrulmus 12x150g","","S",28,25,0,0,"",0,N,N,N,Y,"Cerez",,"",S
"710","","Meray Badem ici kavrulmus&tuzlu 12x150g","","S",24,20,0,0,"",0,N,N,N,Y,"Cerez",,"",S
"711","","Meray kaju kavrulmus&tuzlu 12x150g","","S",19,15.48,0,0,"",0,N,N,N,Y,"Cerez",,"",S
"712","","Meray kaju cig 12x150g","","S",18,14.04,0,0,"",0,N,N,N,Y,"Cerez",,"",S
"713","","Meray Badem cig 12x150g","","S",27,21,0,0,"",0,N,N,N,Y,"Cerez",,"",S
"714","","Meray black raisins 12x150g","","S",10,6.72,0,0,"",0,N,N,N,Y,"Cerez",,"",S
"715","","Meray cranberries 12x150g","","S",14,10.8,0,0,"",0,N,N,N,Y,"Cerez",,"",S
"716","","Meray golden sultana 12x150g","","S",11,6.84,0,0,"",0,N,N,N,Y,"Cerez",,"",S
"717","","Meray peanut raw with skin 12x150g","","S",9,5.64,0,0,"",0,N,N,N,Y,"Cerez",,"",S
"718","","Meray sesame peanut kernel 12x150g","","S",13,9,0,0,"",0,N,N,N,Y,"Cerez",,"",S
"719","","Meray maize corn salted 12x180g","","S",10,6.84,0,0,"",0,N,N,N,Y,"Cerez",,"",S
"720","","Meray corn bbq 12x200g","","S",10,6.84,0,0,"",0,N,N,N,Y,"Cerez",,"",S
"721","","Meray corn chilli 12x200g","","S",10,6.84,0,0,"",0,N,N,N,Y,"Cerez",,"",S
"722","","Meray trakya pumpkin seeds salted & roasted 12x200g","","S",16,12,0,0,"",0,N,N,N,Y,"Cerez",,"",S
"723","","Meray nevsehir pumpkin seeds salted & roasted 12x200g","","S",18,13,0,0,"",0,N,N,N,Y,"Cerez",,"",S
"724","","Meray ay cekirdegi tuzlu 12x150g","","S",13,9.6,0,0,"",0,N,N,N,Y,"Cerez",,"",S
"725","","Meray ay cekirdegi tuzzuz 12x150g £1.29pm","","S",11.5,9.6,0,0,"",0,N,N,N,Y,"Cerez",,"",S
"726","","Meray ay cekirdegi tuzlu 14x300g £1.99pm","","S",24,20,0,0,"",0,N,N,N,Y,"Cerez",,"",S
"727","","Meray ay cekirdegi tuzzus 14x300g £1.99pm","","S",18,14.04,0,0,"",0,N,N,N,Y,"Cerez",,"",S
"728","","Meray ay cekirdegi kavrulmus & Bol tuzlu 14x300g","","S",20,14.42,0,0,"",0,N,N,N,Y,"Cerez",,"",S
"729","","Kerem sunflower seeds roasted & salted 24x250g","","S",18,13.2,0,0,"",0,N,N,N,Y,"Cerez",,"",S
"730","","Kerem sunflower seeds roasted & salted 16x110g","","S",8,4.26,0,0,"",0,N,N,N,Y,"Cerez",,"",S
"731","","Kerem sunflower seeds ala 24x170g","","S",22,16.4,0,0,"",0,N,N,N,Y,"Cerez",,"",S
"732","","Kerem sunflower seeds ala unsalted  16x170g","","S",13,8.8,0,0,"",0,N,N,N,Y,"Cerez",,"",S
"733","","Extra gum peppermint £1pm x15","","S",11,8.5,0,0,"",0,N,N,N,Y,"Chocolate",,"",S
"734","","Lattice tarts strawberry ","","S",1,0.8,0,0,"",0,N,N,N,Y,"Cake",,"",S
"735","","Sam tatlisi","","S",1.25,1,0,0,"",0,N,N,N,Y,"Cake",,"",S
"736","","Sekerpare","","S",1.25,1,0,0,"",0,N,N,N,Y,"Cake",,"",S
"737","","Tulumba","","S",1.25,1,0,0,"",0,N,N,N,Y,"Cake",,"",S
"738","","Sudafed congestion & headache 6x16's","","S",12,6,0,0,"",0,N,N,N,Y,"Medical+spray+shampoo",,"",S
"739","","Extra gum spearmint  £1pm x15","","S",11,8.5,0,0,"",0,N,N,N,Y,"Chocolate",,"",S
"740","","Kadayif","","S",1.25,1,0,0,"",0,N,N,N,Y,"Cake",,"",S
"741","","Blunt wrap purple x25","","S",14,12,0,0,"",0,N,N,N,Y,"cakmak+gas+rizla+filter",,"",S
"742","","Galaxy caramel 24x48g","","S",11.5,0,0,0,"",0,N,N,N,Y,"Chocolate",,"",S
"743","","Meray mix nut with raisin 12x170g","","S",21,16.8,0,0,"",0,N,N,N,Y,"Cerez",,"",S
"744","","Meray mix nut salted £4.99pm 12x340g","","S",42,34,0,0,"",0,N,N,N,Y,"Cerez",,"",S
"745","","Meray cashew  r&s  12x170g","","S",21,17.88,0,0,"",0,N,N,N,Y,"Cerez",,"",S
"746","","Meray peanut skinless r&s 12x170g","","S",12,6.6,0,0,"",0,N,N,N,Y,"Cerez",,"",S
"747","","Kerem kabak nevsehir tuzlu 200g","","S",20,0,0,0,"",0,N,N,N,Y,"Cerez",,"",S
"748","","Mikado","","S",12,0,0,0,"",0,N,N,N,Y,"Chocolate",,"",S
"749","","Yumy yum","","S",4,0,0,0,"",0,N,N,N,Y,"Chocolate",,"",S
"750","","Blunt mello mango x25","","S",14,12,0,0,"",0,N,N,N,Y,"cakmak+gas+rizla+filter",,"",S
"751","","KP peanuts roasted 24x50g","","S",12,0,0,0,"",0,N,N,N,Y,"Cerez",,"",S
"752","","KP peanuts original 24x50g","","S",10,0,0,0,"",0,N,N,N,Y,"Cerez",,"",S
"753","","Cadbury snack 36x43g","","S",15,12,0,0,"",0,N,N,N,Y,"Chocolate",,"",S
"754","","Terry's orange 48x35g","","S",20,14.5,0,0,"",0,N,N,N,Y,"Chocolate",,"",S
"755","","Yorkie raisin& biscuit x36","","S",16,13,0,0,"",0,N,N,N,Y,"Chocolate",,"",S
"756","","Trebor softmints peppermint (blue)x40","","S",14,12,0,0,"",0,N,N,N,Y,"Chocolate",,"",S
"757","","Trebor spearmint (green)x40","","S",14,12,0,0,"",0,N,N,N,Y,"Chocolate",,"",S
"758","","Trebor softfruits x40","","S",14,12,0,0,"",0,N,N,N,Y,"Chocolate",,"",S
"759","","Skittles darkside 36x56.7g","","S",12.5,10.5,0,0,"",0,N,N,N,Y,"Chocolate",,"",S
"760","","Galaxy duet cookies £1pm 24x95g","","S",15,0,0,0,"",0,N,N,N,Y,"Chocolate",,"",S
"761","","Trebor extra strong spearmint (blue) x40","","S",14,12,0,0,"",0,N,N,N,Y,"Chocolate",,"",S
"762","","Ronson flints 24x9's","","S",8,0,0,0,"",0,N,N,N,Y,"cakmak+gas+rizla+filter",,"",S
"763","","Yorkie original 36x46g","","S",17,15.5,0,0,"",0,N,N,N,Y,"Chocolate",,"",S
"764","","Filter tubes 100's x5","","S",4,0,0,0,"",0,N,N,N,Y,"cakmak+gas+rizla+filter",,"",S
"765","","Chewits cola x40","","S",10,7.2,0,0,"",0,N,N,N,Y,"Chocolate",,"",S
"766","","Kinder chocolate with cereal 40x25p","","S",7.5,4.8,0,0,"",0,N,N,N,Y,"Chocolate",,"",S
"767","","Kinder chocolate medium bar 36x25p","","S",7,4.2,0,0,"",0,N,N,N,Y,"Chocolate",,"",S
"768","","Spiral pop 48x17g","","S",10,8,0,0,"",0,N,N,N,Y,"Chocolate",,"",S
"769","","Frozen plc eggs 18x5.5g","","S",10,6.5,0,0,"",0,N,N,N,Y,"Chocolate",,"",S
"770","","Frozen egg 24x25g","","S",10,5.5,0,0,"",0,N,N,N,Y,"Chocolate",,"",S
"771","","Cars plc eggs 18x5.5g","","S",10,6.5,0,0,"",0,N,N,N,Y,"Chocolate",,"",S
"772","","Minions eggs 24x5.5g","","S",12,6.5,0,0,"",0,N,N,N,Y,"Chocolate",,"",S
"773","","Werther","","S",9,0,0,0,"",0,N,N,N,Y,"Chocolate",,"",S
"774","","Raw classic 1/4 connoisseur x24","","S",14,11.7,0,0,"",0,N,N,N,Y,"cakmak+gas+rizla+filter",,"",S
"775","","Kitchen scourer x8","","S",2,0,0,0,"",0,N,N,N,Y,"bags+foil+gloves+plates",,"",S
"776","","electronic lighter x45","","S",8,5.7,0,0,"",0,N,N,N,Y,"cakmak+gas+rizla+filter",,"",S
"777","","Spiral pops 48x17g","","S",9.5,0,0,0,"",0,N,N,N,Y,"Chocolate",,"",S
"778","","Galaxy minstrels 36x42g","","S",16,0,0,0,"",0,N,N,N,Y,"Chocolate",,"",S
"779","","Cadbury dairy milk 48x45g","","S",22,19.5,0,0,"",0,N,N,N,Y,"Chocolate",,"",S
"780","","Dairy milk caramel 48x45g","","S",22,19.5,0,0,"",0,N,N,N,Y,"Chocolate",,"",S
"781","","Dairy milk wholenut 48x45g","","S",22,18.5,0,0,"",0,N,N,N,Y,"Chocolate",,"",S
"782","","Munchies x36","","S",20,15,0,0,"",0,N,N,N,Y,"Chocolate",,"",S
"783","","Rowntrees fruit gums x36","","S",14,0,0,0,"",0,N,N,N,Y,"Chocolate",,"",S
"784","","Colgate total care 12x75ml","","S",12,10.8,0,0,"",0,N,N,N,Y,"Diş Macun+fırça",,"",S
"785","","Butterkist cinema x12","","S",7,4.8,0,0,"",0,N,N,N,Y,"Cerez",,"",S
"786","","Butterkist sweet&salt x12","","S",7,4.8,0,0,"",0,N,N,N,Y,"Cerez",,"",S
"787","","Butterkist toffee popcorn x12","","S",7,4.8,0,0,"",0,N,N,N,Y,"Cerez",,"",S
"788","","Cadbury dairmilk £1pm x17","","S",13.5,12.4,0,0,"",0,N,N,N,Y,"Chocolate",,"",S
"789","","Cadbury oreo £1pm. X15","","S",12.5,11.15,0,0,"",0,N,N,N,Y,"Chocolate",,"",S
"790","","Cadbury daim £1pm. X15","","S",12.5,11.5,0,0,"",0,N,N,N,Y,"Chocolate",,"",S
"791","","Cadbury fruit&nut £1pm. X17","","S",14,12.5,0,0,"",0,N,N,N,Y,"Chocolate",,"",S
"792","","Cadbury caramel £1pm. X13","","S",10.5,9.6,0,0,"",0,N,N,N,Y,"Chocolate",,"",S
"793","","M&m chocolate x16. £1pm","","S",13,11.5,0,0,"",0,N,N,N,Y,"Chocolate",,"",S
"794","","M&m peanut x16. £1pm","","S",13,11.15,0,0,"",0,N,N,N,Y,"Chocolate",,"",S
"795","","Revels x20 £1pm","","S",15,13.45,0,0,"",0,N,N,N,Y,"Chocolate",,"",S
"796","","Maltesers x24 £1pm","","S",19,16.7,0,0,"",0,N,N,N,Y,"Chocolate",,"",S
"797","","Balconi roll hazelnut","","S",1,0,0,0,"",0,N,N,N,Y,"Cake",,"",S
"798","","Cadbury caramel 48x48g","","S",22,19,0,0,"",0,N,N,N,Y,"Chocolate",,"",S
"799","","Cadbury wholenut 48x48g","","S",22,19.5,0,0,"",0,N,N,N,Y,"Chocolate",,"",S
"800","","Cadbury dairmilk 48x48g","","S",22,19.5,0,0,"",0,N,N,N,Y,"Chocolate",,"",S
"801","","Blunt Strawberry x25pcs","","S",14,12,0,0,"",0,N,N,N,Y,"cakmak+gas+rizla+filter",,"",S
"802","","Maynards winegum £1pm 12x130g","","S",9,7.2,0,0,"",0,N,N,N,Y,"Chocolate",,"",S
"803","","Cadbury eclairs £1pm 12x130g","","S",9,7.2,0,0,"",0,N,N,N,Y,"Chocolate",,"",S
"804","","Bassetts jelly babies £1pm 12x130g","","S",9,7.2,0,0,"",0,N,N,N,Y,"Chocolate",,"",S
"805","","Extra  spearmint gum","","S",8.5,7.5,0,0,"",0,N,N,N,Y,"Chocolate",,"",S
"806","","Kitkat nibbler extra chocolate 24x43g","","S",8.5,6,0,0,"",0,N,N,N,Y,"Chocolate",,"",S
"807","","H&S extra volum 6x200ml","","S",9,7.5,0,0,"",0,N,N,N,Y,"Medical+spray+shampoo",,"",S
"808","","H&S smooth&silky 6x200ml","","S",9,7.5,0,0,"",0,N,N,N,Y,"Medical+spray+shampoo",,"",S
"809","","Cadbury giant buttons £1pm  16x80g","","S",13,11.2,0,0,"",0,N,N,N,Y,"Chocolate",,"",S
"810","","Galaxy minstrels £1pm x12","","S",9,7.2,0,0,"",0,N,N,N,Y,"Chocolate",,"",S
"811","","Murray mint x40","","S",15,0,0,0,"",0,N,N,N,Y,"Chocolate",,"",S
"812","","Rowntrees fruit pastilles £1pm x12","","S",9,7.2,0,0,"",0,N,N,N,Y,"Chocolate",,"",S
"813","","Milkybar buttons £1pm  12x85g","","S",9,7.2,0,0,"",0,N,N,N,Y,"Chocolate",,"",S
"814","","Lady fingers 300g","","S",1,0.68,0,0,"",0,N,N,N,Y,"Cake",,"",S
"815","","Lynx excite 6x150ml £3.29pm","","S",12,9.5,0,0,"",0,N,N,N,Y,"Medical+spray+shampoo",,"",S
"816","","Status stick bulb screw 15w=70w x12","","S",17,15,0,0,"",0,N,N,N,Y,"Ampul+mum",,"",S
"817","","Status Stıck bulb 20w=88w x12","","S",22,18.9,0,0,"",0,N,N,N,Y,"Ampul+mum",,"",S
"818","","Status stick bulbs bayonet 20w=88w x12","","S",22,18.6,0,0,"",0,N,N,N,Y,"",,"",S
"819","","Status stick bayonet 11w=50w x12","","S",15.5,13.2,0,0,"",0,N,N,N,Y,"Ampul+mum",,"",S
"820","","Status stick bayonet 15w=70w","","S",17,15,0,0,"",0,N,N,N,Y,"Ampul+mum",,"",S
"821","","Status stick screw 20w=88w","","S",22,18.9,0,0,"",0,N,N,N,Y,"Ampul+mum",,"",S
"822","","Steroplast 16 washproof plasters x24","","S",12,8.5,0,0,"",0,N,N,N,Y,"Diş Macun+fırça",,"",S
"823","","Lemsip cold & flu breat esy 5's x6","","S",8,6.5,0,0,"",0,N,N,N,Y,"Medical+spray+shampoo",,"",S
"824","","Lemsip max stength 5's x6","","S",14,12,0,0,"",0,N,N,N,Y,"Medical+spray+shampoo",,"",S
"825","","Zoflora a x12","","S",8.5,6.5,0,0,"",0,N,N,N,Y,"Medical+spray+shampoo,Glue+tape+card+gillet",,"",S
"826","","Zoflora d x12","","S",8.5,6.5,0,0,"",0,N,N,N,Y,"Medical+spray+shampoo",,"",S
"827","","Dishcloth white 12's x10","","S",10,8,0,0,"",0,N,N,N,Y,"bags+foil+gloves+plates",,"",S
"828","","Dishcloths 10x12's","","S",10.5,8.5,0,0,"",0,N,N,N,Y,"bags+foil+gloves+plates",,"",S
"829","","Essential skewers 100's","","S",1,0.5,0,0,"",0,N,N,N,Y,"bags+foil+gloves+plates",,"",S
"830","","Essential flexi straws (pipet) 225's x12","","S",12,7.5,0,0,"",0,N,N,N,Y,"bags+foil+gloves+plates",,"",S
"831","","Milka White chocolate 100g x22","","S",14.5,11,0,0,"",0,N,N,N,Y,"Chocolate",,"",S
"832","","Nutella 12x48g","","S",9.5,8.18,0,0,"",0,N,N,N,Y,"Chocolate",,"",S
"833","","Mandul Chocolate pie 300g","","S",1.5,1.11,0,0,"",0,N,N,N,Y,"Cake",,"",S
"834","","Mandul Kiwi pie 300g","","S",1.5,1.11,0,0,"",0,N,N,N,Y,"Cake",,"",S
"835","","Mandul Apple pie 300g","","S",1.5,1.11,0,0,"",0,N,N,N,Y,"Cake",,"",S
"836","","Mandul Strawberry pie 300g","","S",1.5,1.11,0,0,"",0,N,N,N,Y,"Cake",,"",S
"837","","Dan'or lemon half moon","","S",1.15,0.87,0,0,"",0,N,N,N,Y,"Cake",,"",S
"838","","Dan'or marble half moon","","S",1.15,0.87,0,0,"",0,N,N,N,Y,"Cake",,"",S
"839","","Efes draft 12x50cl","","S",18,16.5,0,0,"",0,N,N,N,Y,"Alovera",,"",S
"840","","Dulcesol lemon cake 270g","","S",1.1,0,0,0,"",0,N,N,N,Y,"Cake",,"",S
"841","","Tasty lemon cake","","S",1.1,0,0,0,"",0,N,N,N,Y,"Cake",,"",S
"842","","Yorkie raisn x36 2for£1pm","","S",12,8,0,0,"",0,N,N,N,Y,"Chocolate",,"",S
"843","","Kitkat chunky duo 24x70g","","S",14,11.5,0,0,"",0,N,N,N,Y,"Chocolate",,"",S
"844","","Milka caramel bar x30","","S",12,8.5,0,0,"",0,N,N,N,Y,"Chocolate",,"",S
"845","","Halls watermelon x20","","S",7.5,6,0,0,"",0,N,N,N,Y,"Chocolate",,"",S
"846","","Kinder surprise 72x20g","","S",38,33.5,0,0,"",0,N,N,N,Y,"Chocolate",,"",S
"847","","Grinder small x12","","S",7,3.5,0,0,"",0,N,N,N,Y,"cakmak+gas+rizla+filter",,"",S
"848","","Cocktail stick 250's x20","","S",7,4.5,0,0,"",0,N,N,N,Y,"Diş Macun+fırça",,"",S
"849","","Clipper lighter mini x48","","S",18,14.4,0,0,"",0,N,N,N,Y,"cakmak+gas+rizla+filter",,"",S
"850","","Bournville 36x45g","","S",18,14,0,0,"",0,N,N,N,Y,"Chocolate",,"",S
"852","","Rowntrees fruit gums 12x £1pm","","S",9,0,0,0,"",0,N,N,N,Y,"Chocolate",,"",S
"853","","Scouring ball 4's","","S",1,0.66,0,0,"",0,N,N,N,Y,"bags+foil+gloves+plates",,"",S
"854","","Fry's peppermint cream 54x49g","","S",24,16,0,0,"",0,N,N,N,Y,"Chocolate",,"",S
"855","","Cadbury bournville x36","","S",17,14,0,0,"",0,N,N,N,Y,"Chocolate",,"",S
"856","","Guylian original praline 24x35g","","S",10,5.5,0,0,"",0,N,N,N,Y,"Chocolate",,"",S
"857","","Jammie dodgers (0.75pm) 18x140g","","S",9,7.4,0,0,"",0,N,N,N,Y,"Biscuits",,"",S
"858","","Milka cherry cream 22x100g","","S",14.5,11,0,0,"",0,N,N,N,Y,"Chocolate",,"",S
"859","","Milka alpine milk 22x100g","","S",14.5,11,0,0,"",0,N,N,N,Y,"Chocolate",,"",S
"860","","Twix white xtra x30","","S",14,11,0,0,"",0,N,N,N,Y,"Chocolate",,"",S
"861","","Milka raspberry 22x100g","","S",14.5,11,0,0,"",0,N,N,N,Y,"Chocolate",,"",S
"862","","Coconut water 24x33cl","","S",12,8,0,0,"",0,N,N,N,Y,"Alovera",,"",S
"863","","Alovera natural 12x2lt","","S",18,15,0,0,"",0,N,N,N,Y,"Alovera",,"",S
"864","","Skittles confused 36x55g","","S",12.5,10,0,0,"",0,N,N,N,Y,"Chocolate",,"",S
"865","","Menal strawberry pie 300g £1.99pm","","S",1.4,0,0,0,"",0,N,N,N,Y,"Cake",,"",S
"866","","Peanut punch 24x240ml","","S",14.5,13.5,0,0,"",0,N,N,N,Y,"Alovera",,"",S
"867","","Magnum 24x200ml","","S",57,55,0,0,"",0,N,N,N,Y,"Alovera",,"",S
"868","","Colgate navigator toothbrush x12","","S",8,6.5,0,0,"",0,N,N,N,Y,"Diş Macun+fırça",,"",S
"869","","Cadbury wispa gold 48x39g","","S",20,17,0,0,"",0,N,N,N,Y,"Chocolate",,"",S
"870","","Double decker x48","","S",20,17.4,0,0,"",0,N,N,N,Y,"Chocolate",,"",S
"871","","Skittles tropical  36x55g","","S",12.5,10.5,0,0,"",0,N,N,N,Y,"Chocolate",,"",S
"872","","Milka caramel 18x100g","","S",12,9,0,0,"",0,N,N,N,Y,"Chocolate",,"",S
"873","","Cadbury buttons 60x14.4g 25p","","S",11,8.6,0,0,"",0,N,N,N,Y,"Chocolate",,"",S
"874","","Cadbury freddo 30p 60x18g ","","S",13,10.8,0,0,"",0,N,N,N,Y,"Chocolate",,"",S
"875","","Cadbury chomp 60x23.5g 30p","","S",11,8.4,0,0,"",0,N,N,N,Y,"Chocolate",,"",S
"876","","Maynards sports mix £1pm 12x130g","","S",9,7.2,0,0,"",0,N,N,N,Y,"Chocolate",,"",S
"877","","Yorkie mansize buttons £1pm 12x80g","","S",9,7.2,0,0,"",0,N,N,N,Y,"Chocolate",,"",S
"878","","allergy tablet x6","","S",8.5,7.2,0,0,"",0,N,N,N,Y,"Medical+spray+shampoo",,"",S
"879","","Clipper metal (silver) x12","","S",36,35.4,0,0,"",0,N,N,N,Y,"cakmak+gas+rizla+filter",,"",S
"880","","Cadbury fudge 30p x60","","S",13,10.8,0,0,"",0,N,N,N,Y,"Chocolate",,"",S
"881","","Milka LU 18x87g","","S",12,9,0,0,"",0,N,N,N,Y,"Chocolate",,"",S
"882","","Clipper metal  (gold) x9","","S",29,26,0,0,"",0,N,N,N,Y,"cakmak+gas+rizla+filter",,"",S
"883","","Aquafresh trip-protec £1pm 12x100ml","","S",8,5.4,0,0,"",0,N,N,N,Y,"Diş Macun+fırça",,"",S
"884","","Starburst original bag £1pm 12x150g","","S",9,5.9,0,0,"",0,N,N,N,Y,"Chocolate",,"",S
"885","","Starburst favereds bag £1pm 12x150g","","S",9,5.9,0,0,"",0,N,N,N,Y,"Chocolate",,"",S
"886","","Blunt Jamaican rum x25","","S",14,12,0,0,"",0,N,N,N,Y,"cakmak+gas+rizla+filter",,"",S
"887","","Milka collage fruit 15x93g","","S",10,7.5,0,0,"",0,N,N,N,Y,"Chocolate",,"",S
"888","","Milka triple cocoa 18x90g","","S",12,9,0,0,"",0,N,N,N,Y,"Chocolate",,"",S
"889","","Vegetable roll x20","","S",24,20.5,0,0,"",0,N,N,N,Y,"bags+foil+gloves+plates",,"",S
"890","","Tadim roasted corn 12x189g","","S",13,9.98,0,0,"",0,N,N,N,Y,"Cerez",,"",S
"891","","Tadim roasted peanut 12x200g","","S",14,10.69,0,0,"",0,N,N,N,Y,"Cerez",,"",S
"892","","Tadim roasted almond 12x200g","","S",45,35.78,0,0,"",0,N,N,N,Y,"Cerez",,"",S
"893","","Tadim roasted cashews nuts 12x180g","","S",32,25.81,0,0,"",0,N,N,N,Y,"Cerez",,"",S
"894","","Fruit-tella strawberry juicy 12x135g bags £1pm","","S",9,7,0,0,"",0,N,N,N,Y,"Chocolate",,"",S
"895","","Snickers white 32x49g","","S",14,11.5,0,0,"",0,N,N,N,Y,"Chocolate",,"",S
"896","","Dove roll on pure 6x50ml","","S",7,5.5,0,0,"",0,N,N,N,Y,"Medical+spray+shampoo",,"",S
"897","","Mcv bourbon creams 12x300g 89pm","","S",7.5,6.2,0,0,"",0,N,N,N,Y,"Biscuits",,"",S
"898","","Happy egg for boy 24x15g","","S",12,7,0,0,"",0,N,N,N,Y,"Chocolate",,"",S
"899","","Happy egg for girl 24x15g","","S",12,7,0,0,"",0,N,N,N,Y,"Chocolate",,"",S
"900","","Sweet waffles 275g","","S",1,0.71,0,0,"",0,N,N,N,Y,"Cake",,"",S
"901","","Myco mz Scale (terazi)","","S",8,5.7,0,0,"",0,N,N,N,Y,"cakmak+gas+rizla+filter",,"",S
"902","","Mcv custards creams 89pm 12x300g","","S",7.5,6.2,0,0,"",0,N,N,N,Y,"Biscuits",,"",S
"903","","Starburst strawberry 12x150g","","S",9,7.2,0,0,"",0,N,N,N,Y,"Chocolate",,"",S
"904","","Milka bubbly white 15x95g","","S",10,7.5,0,0,"",0,N,N,N,Y,"Chocolate",,"",S
"905","","Nestle Caramac 48x39g","","S",16,12,0,0,"",0,N,N,N,Y,"Chocolate",,"",S
"906","","Skittles tropical £1pm 12x125g","","S",9,7,0,0,"",0,N,N,N,Y,"Chocolate",,"",S
"907","","Skittles fruit 1pm 12x125g","","S",9,7,0,0,"",0,N,N,N,Y,"Chocolate",,"",S
"908","","Skittles crazy sours £1pm 12x125g","","S",9,7,0,0,"",0,N,N,N,Y,"Chocolate",,"",S
"909","","Rondana marble 250g","","S",1,0.58,0,0,"",0,N,N,N,Y,"Cake",,"",S
"910","","Rondana lemon 250g","","S",1,0.58,0,0,"",0,N,N,N,Y,"Cake",,"",S
"911","","Kinder choco-bons 10x69.6g","","S",7.5,6.5,0,0,"",0,N,N,N,Y,"Chocolate",,"",S
"912","","Nestle walnut whip x36","","S",17.5,15.5,0,0,"",0,N,N,N,Y,"Chocolate",,"",S
"913","","Nurofen for children 6x100ml","","S",16,13.2,0,0,"",0,N,N,N,Y,"Medical+spray+shampoo",,"",S
"914","","Mcv nice 89p 12x250g","","S",7.5,6.2,0,0,"",0,N,N,N,Y,"Biscuits",,"",S
"915","","Raw tips 50pcs","","S",8,5.5,0,0,"",0,N,N,N,Y,"cakmak+gas+rizla+filter",,"",S
"916","","Airways cherry gum","","S",9.5,8,0,0,"",0,N,N,N,Y,"Chocolate",,"",S
"917","","Milkybar kid bar 25p x54","","S",10.5,8.4,0,0,"",0,N,N,N,Y,"Chocolate",,"",S
"918","","Cadbury chopped nut £1pm 17x95g","","S",14,12.1,0,0,"",0,N,N,N,Y,"Chocolate",,"",S
"919","","Dairy milk jelly popping 24x47","","S",10.5,8.5,0,0,"",0,N,N,N,Y,"Chocolate",,"",S
"920","","Dairy milk rocky mallow 24x47g","","S",10.5,8.5,0,0,"",0,N,N,N,Y,"Chocolate",,"",S
"921","","Chupa cups stand x200","","S",21,18,0,0,"",0,N,N,N,Y,"Chocolate",,"",S
"922","","Cadbury freddo caramel 30p 60x18g","","S",13,10.8,0,0,"",0,N,N,N,Y,"Chocolate",,"",S
"923","","Happy hippo cocoa 10x5 packs","","S",12,9,0,0,"",0,N,N,N,Y,"Chocolate",,"",S
"924","","Extra  cool breeze gum","","S",8.5,7.5,0,0,"",0,N,N,N,Y,"Chocolate",,"",S
"925","","Extra strawberry gum","","S",8.5,7.5,0,0,"",0,N,N,N,Y,"Chocolate",,"",S
"926","","Extra white gum","","S",9.5,8.25,0,0,"",0,N,N,N,Y,"Chocolate",,"",S
"927","","Extra white bubble mint gum","","S",9.5,8.25,0,0,"",0,N,N,N,Y,"Chocolate",,"",S
"928","","Extra ice spearmint gum","","S",9.5,8.25,0,0,"",0,N,N,N,Y,"Chocolate",,"",S
"929","","Extra ice peppermint gum","","S",9.5,8.25,0,0,"",0,N,N,N,Y,"Chocolate",,"",S
"930","","Sweet games surprise spider man 15x15g","","S",10,8,0,0,"",0,N,N,N,Y,"Chocolate",,"",S
"931","","Sweet games surprise Disney 15x15g","","S",10,8,0,0,"",0,N,N,N,Y,"Chocolate",,"",S
"932","","Sweet games surprise minions 15x15g","","S",10,8,0,0,"",0,N,N,N,Y,"Chocolate",,"",S
"933","","Cyclones blunt wonderberry x24","","S",12,9.6,0,0,"",0,N,N,N,Y,"cakmak+gas+rizla+filter",,"",S
"934","","Cyclones blunt sugar cane x24","","S",14,11.5,0,0,"",0,N,N,N,Y,"cakmak+gas+rizla+filter",,"",S
"935","","Green & black 15x100g butterscotch ","","S",18.5,16.5,0,0,"",0,N,N,N,Y,"Chocolate",,"",S
"936","","Reeses sticks 20x42g","","S",10.5,8.4,0,0,"",0,N,N,N,Y,"Chocolate",,"",S
"937","","Lypsyl x10","","S",9,7.5,0,0,"",0,N,N,N,Y,"Medical+spray+shampoo",,"",S
"938","","Thermal till rolls 80mlx20","","S",17,14.4,0,0,"",0,N,N,N,Y,"bags+foil+gloves+plates",,"",S
"939","","Thermal till rolls 57x40x 20pcs","","S",5,3.6,0,0,"",0,N,N,N,Y,"bags+foil+gloves+plates",,"",S
"940","","Duracell 3v x10","","S",8.5,6.6,0,0,"",0,N,N,N,Y,"Pil+condom+pet",,"",S
"941","","Duracell 12v 10x2's","","S",12.5,10.5,0,0,"",0,N,N,N,Y,"Pil+condom+pet",,"",S
"942","","Duracell N 10x2's","","S",12.5,10.5,0,0,"",0,N,N,N,Y,"Pil+condom+pet",,"",S
"943","","Pritt-stick 25x11g","","S",13.5,11.5,0,0,"",0,N,N,N,Y,"Glue+tape+card+gillet",,"",S
"944","","Large sandwich good and freezer gags 200's x5","","S",4.5,3.25,0,0,"",0,N,N,N,Y,"bags+foil+gloves+plates",,"",S
"945","","Large food sandwich and freezer bags with zips 30'sx12","","S",10,8,0,0,"",0,N,N,N,Y,"bags+foil+gloves+plates",,"",S
"946","","All-purpose clothes 10x10's","","S",5,3.6,0,0,"",0,N,N,N,Y,"bags+foil+gloves+plates",,"",S
"947","","Super absorbent cloths 10x10's","","S",8,8.5,0,0,"",0,N,N,N,Y,"bags+foil+gloves+plates",,"",S
"948","","Super bright sponge cloths 10x6's","","S",10,7,0,0,"",0,N,N,N,Y,"bags+foil+gloves+plates",,"",S
"949","","Aquafresh mounth wash 8x500ml","","S",9.5,6.5,0,0,"",0,N,N,N,Y,"Diş Macun+fırça",,"",S
"950","","Eazay popcorn butter 16x100g","","S",8,4.5,0,0,"",0,N,N,N,Y,"Cerez",,"",S
"951","","Clipper tube x12","","S",12,8.1,0,0,"",0,N,N,N,Y,"cakmak+gas+rizla+filter",,"",S
"1000","","Green & black 15x100g dark 70%","","S",18.5,16.5,0,0,"",0,N,N,N,Y,"Chocolate",,"",S
"1001","","Green & black 15x100g 85%","","S",18.5,16.5,0,0,"",0,N,N,N,Y,"Chocolate",,"",S
"1002","","Green & black 15x100g milk","","S",18.5,16.5,0,0,"",0,N,N,N,Y,"Chocolate",,"",S
"1003","","Green & black 15x100g maya","","S",18.5,16.5,0,0,"",0,N,N,N,Y,"Chocolate",,"",S
"1004","","Green & black 15x100g almond","","S",18.5,16.5,0,0,"",0,N,N,N,Y,"Chocolate",,"",S
"952","","Headphone","","S",3,2,0,0,"",0,N,N,N,Y,"Pil+condom+pet",,"",S
"953","","USB plug","","S",3,2,0,0,"",0,N,N,N,Y,"Pil+condom+pet",,"",S
"954","","Chu-Lin x100","","S",10,4,0,0,"",0,N,N,N,Y,"Chocolate",,"",S
"955","","Nestle crunch £1pm x16","","S",12,9,0,0,"",0,N,N,N,Y,"Chocolate",,"",S
"956","","Aero orange £1pm x15","","S",11.5,9.5,0,0,"",0,N,N,N,Y,"Chocolate",,"",S
"957","","Roberto breadsticks with sesame 250g","","S",1.5,1.06,0,0,"",0,N,N,N,Y,"Cake",,"",S
"958","","Roberto breadsticks with rosemary 250g","","S",1.5,1.06,0,0,"",0,N,N,N,Y,"Cake",,"",S
"959","","Wine gums tangy £1pm 12x165g","","S",8.5,7.2,0,0,"",0,N,N,N,Y,"Chocolate",,"",S
"960","","Bassetts all sort £1pm 12x165g","","S",8.5,7.2,0,0,"",0,N,N,N,Y,"Chocolate",,"",S
"961","","Green & black 15x100g mint","","S",18.5,16.5,0,0,"",0,N,N,N,Y,"Chocolate",,"",S
"962","","Green & black 15x100g white","","S",18.5,16.5,0,0,"",0,N,N,N,Y,"Chocolate",,"",S
"963","","Mentos mint £1pm 12x175g","","S",8.5,7.2,0,0,"",0,N,N,N,Y,"Chocolate",,"",S
"964","","Leaf bag 40x40 100s x10","","S",5,2.5,0,0,"",0,N,N,N,Y,"cakmak+gas+rizla+filter",,"",S
"965","","Leaf bag 50x50 100s x10","","S",5,2.5,0,0,"",0,N,N,N,Y,"cakmak+gas+rizla+filter",,"",S
"966","","Leaf bag 40x60 100s x10","","S",5,2.5,0,0,"",0,N,N,N,Y,"cakmak+gas+rizla+filter",,"",S
"967","","3bit 42x46g","","S",16,11,0,0,"",0,N,N,N,Y,"Chocolate",,"",S
"968","","Kellogg's Nutri-grain strawberry 28x39p","","S",8.5,6.75,0,0,"",0,N,N,N,Y,"Chocolate",,"",S
"969","","Kellogg's coco pops 25x39p","","S",6.5,4.3,0,0,"",0,N,N,N,Y,"Chocolate",,"",S
"971","","Extra peppermint x6 £2pm","","S",8.5,6.5,0,0,"",0,N,N,N,Y,"Chocolate",,"",S
"972","","Extra bubblemint x6 £2pm","","S",8.5,6.5,0,0,"",0,N,N,N,Y,"Chocolate",,"",S
"973","","Airways gum x6 £2pm","","S",8.5,6.5,0,0,"",0,N,N,N,Y,"Chocolate",,"",S
"970","","Extra spearmint x6 £2pm","","S",8.5,6.5,0,0,"",0,N,N,N,Y,"Chocolate",,"",S
"974","","Super bright soap filled pads x6","","S",6.6,4.6,0,0,"",0,N,N,N,Y,"bags+foil+gloves+plates",,"",S
"975","","Drumstick original raspberry 12x145g","","S",8.5,7.2,0,0,"",0,N,N,N,Y,"Chocolate",,"",S